shape,common_id,common_name,Total Voter Turnout (#),Total Voter Turnout (%),Number of Precincts with Invalid Ballots from 0-1%,Number of Precincts with Invalid Ballots from 1-3%,Number of Precincts with Invalid Ballots from 3-5%,Number of Precincts with Invalid Ballots > 5%,Invalid Ballots (%),Precincts with More Ballots Than Votes (#),Precincts with More Ballots Than Votes (%),More Ballots Than Votes (Average),More Ballots Than Votes (#),Precincts with More Votes than Ballots (#),Precincts with More Votes than Ballots (%),More Votes than Ballots (Average),More Votes than Ballots (#),Average votes per minute (08:00-12:00),Average votes per minute (12:00-17:00),Average votes per minute (17:00-20:00),Number of Precincts with votes per minute > 2 (08:00-12:00),Number of Precincts with votes per minute > 2 (12:00-17:00),Number of Precincts with votes per minute > 2 (17:00-20:00),Number of Precincts with votes per minute > 2,Precincts Reported (#),Precincts Reported (%),United Opposition,United National Movement,Greens Party,Alliance of Patriots,Georgian Party,Way of Georgia,Georgian Dream
Country,Georgia,Georgia,420429,32.88,12,436,489,70,,0,0.0,,,0,0.0,,,,,,0,0,1,1,1011,5.56,,25.2,0.29,1.55,1.41,,71.53
Region,Adjara,Adjara,33488,25.3,1,46,46,8,,0,0.0,,,0,0.0,,,,,,0,0,0,0,101,5.82,,22.02,,,,,77.95
Region,Guria,Guria,7495,49.32,0,7,6,0,,0,0.0,,,0,0.0,,,,,,0,0,0,0,13,1.88,,,,41.04,,,58.83
Region,Kakheti,Kakheti,6968,37.04,0,7,7,2,,0,0.0,,,0,0.0,,,,,,0,0,0,0,16,1.04,,29.39,,,,,70.61
Region,Kvemo Kartli,Kvemo Kartli,34552,33.14,1,47,34,2,,0,0.0,,,0,0.0,,,,,,0,0,0,0,84,3.88,,35.22,,,,,64.75
Region,Mtskheta-Mtianeti,Mtskheta-Mtianeti,3242,46.73,2,4,0,0,,0,0.0,,,0,0.0,,,,,,0,0,0,0,6,0.93,,,37.01,,,,62.99
Region,Samegrelo-Zemo Svaneti,Samegrelo-Zemo Svaneti,12505,30.73,1,19,10,2,,0,0.0,,,0,0.0,,,,,,0,0,0,0,32,1.72,,,,27.61,,,72.38
Region,Shida Kartli,Shida Kartli,15691,38.77,0,16,15,1,,0,0.0,,,0,0.0,,,,,,0,0,0,0,32,2.7,,,,,37.73,,62.16
Region,Tbilisi,Tbilisi,306488,33.31,7,290,371,55,,0,0.0,,,0,0.0,,,,,,0,0,1,1,727,19.95,,27.52,,,,,72.46
District,79,Batumi,33488,25.3,1,46,46,8,,0,0.0,,,0,0.0,,,,,,0,0,0,0,101,19.61,,22.02,,,,,77.95
District,60,Ozurgeti,7495,49.32,0,7,6,0,,0,0.0,,,0,0.0,,,,,,0,0,0,0,13,4.19,,,,41.04,,,58.83
District,17,Telavi,6968,37.04,0,7,7,2,,0,0.0,,,0,0.0,,,,,,0,0,0,0,16,5.93,,29.39,,,,,70.61
District,20,Rustavi,34552,33.14,1,47,34,2,,0,0.0,,,0,0.0,,,,,,0,0,0,0,84,19.53,,35.22,,,,,64.75
District,27,Mtskheta,3242,46.73,2,4,0,0,,0,0.0,,,0,0.0,,,,,,0,0,0,0,6,2.61,,,37.01,,,,62.99
District,70,Poti,12505,30.73,1,19,10,2,,0,0.0,,,0,0.0,,,,,,0,0,0,0,32,20.0,,,,27.61,,,72.38
District,32,Gori,15691,38.77,0,16,15,1,,0,0.0,,,0,0.0,,,,,,0,0,0,0,32,5.98,,,,,37.73,,62.16
District,999,Tbilisi,306488,33.31,7,290,371,55,,0,0.0,,,0,0.0,,,,,,0,0,1,1,727,19.95,,27.52,,,,,72.46
Precinct,1,17-1,645,45.91,,,,,2.71,,,,0,,,,0,1.04,0.92,0.77,,,,,,,,22.17,,,,,77.83
Precinct,2,17-2,510,39.53,,,,,2.86,,,,0,,,,0,0.8,0.77,0.57,,,,,,,,22.75,,,,,77.25
Precinct,3,17-3,409,45.9,,,,,3.99,,,,0,,,,0,0.58,0.64,0.52,,,,,,,,18.58,,,,,81.42
Precinct,4,17-4,531,38.12,,,,,2.39,,,,0,,,,0,0.65,0.8,0.82,,,,,,,,31.45,,,,,68.55
Precinct,5,17-5,423,37.9,,,,,4.73,,,,0,,,,0,0.46,0.71,0.67,,,,,,,,34.04,,,,,65.96
Precinct,6,17-6,461,40.3,,,,,2.74,,,,0,,,,0,0.8,0.55,0.64,,,,,,,,29.93,,,,,70.07
Precinct,7,17-7,412,34.28,,,,,2.14,,,,0,,,,0,0.6,0.6,0.54,,,,,,,,22.09,,,,,77.91
Precinct,8,17-8,463,31.05,,,,,2.53,,,,0,,,,0,0.64,0.57,0.84,,,,,,,,33.91,,,,,66.09
Precinct,9,17-9,512,35.43,,,,,3.4,,,,0,,,,0,0.79,0.66,0.79,,,,,,,,30.47,,,,,69.53
Precinct,10,17-10,368,38.25,,,,,3.16,,,,0,,,,0,0.62,0.5,0.46,,,,,,,,29.08,,,,,70.92
Precinct,11,17-11,344,36.56,,,,,5.75,,,,0,,,,0,0.45,0.43,0.71,,,,,,,,41.57,,,,,58.43
Precinct,12,17-12,594,36.71,,,,,3.41,,,,0,,,,0,0.85,0.62,1.26,,,,,,,,38.05,,,,,61.95
Precinct,13,17-13,474,31.94,,,,,3.85,,,,0,,,,0,0.66,0.65,0.78,,,,,,,,36.5,,,,,63.5
Precinct,44,17-44,253,47.11,,,,,4.89,,,,0,,,,0,0.41,0.32,0.39,,,,,,,,22.13,,,,,77.87
Precinct,45,17-45,272,28.39,,,,,1.45,,,,0,,,,0,0.43,0.3,0.46,,,,,,,,24.63,,,,,75.37
Precinct,46,17-46,297,31.83,,,,,6.01,,,,0,,,,0,0.54,0.38,0.41,,,,,,,,29.63,,,,,70.37
Precinct,1,20-1,384,36.57,,,,,2.54,,,,0,,,,0,0.72,0.51,0.38,,,,,,,,33.07,,,,,66.93
Precinct,2,20-2,365,36.83,,,,,1.88,,,,0,,,,0,0.61,0.48,0.44,,,,,,,,27.67,,,,,72.33
Precinct,3,20-3,454,36.06,,,,,1.52,,,,0,,,,0,1.07,0.47,0.36,,,,,,,,38.11,,,,,61.89
Precinct,4,20-4,462,32.13,,,,,1.91,,,,0,,,,0,0.85,0.56,0.54,,,,,,,,40.04,,,,,59.96
Precinct,5,20-5,450,36.0,,,,,5.66,,,,0,,,,0,0.86,0.59,0.53,,,,,,,,40.67,,,,,59.33
Precinct,6,20-6,299,40.41,,,,,2.29,,,,0,,,,0,0.63,0.34,0.31,,,,,,,,30.1,,,,,69.9
Precinct,7,20-7,531,37.11,,,,,3.45,,,,0,,,,0,0.92,0.66,0.73,,,,,,,,38.42,,,,,61.58
Precinct,8,20-8,468,36.51,,,,,2.5,,,,0,,,,0,0.91,0.66,0.35,,,,,,,,38.25,,,,,61.75
Precinct,9,20-9,554,39.15,,,,,3.48,,,,0,,,,0,1.04,0.64,0.74,,,,,,,,42.24,,,,,57.76
Precinct,10,20-10,517,37.33,,,,,3.54,,,,0,,,,0,0.97,0.59,0.71,,,,,,,,39.27,,,,,60.74
Precinct,11,20-11,467,38.72,,,,,4.89,,,,0,,,,0,0.85,0.61,0.59,,,,,,,,42.4,,,,,57.6
Precinct,12,20-12,456,33.83,,,,,3.39,,,,0,,,,0,0.91,0.54,0.51,,,,,,,,37.94,,,,,62.06
Precinct,13,20-13,356,25.95,,,,,1.39,,,,0,,,,0,0.63,0.45,0.43,,,,,,,,41.57,,,,,58.43
Precinct,14,20-14,393,33.14,,,,,1.75,,,,0,,,,0,0.87,0.35,0.48,,,,,,,,40.97,,,,,59.03
Precinct,15,20-15,388,29.75,,,,,4.67,,,,0,,,,0,0.7,0.47,0.54,,,,,,,,41.24,,,,,58.76
Precinct,16,20-16,541,34.41,,,,,2.17,,,,0,,,,0,1.02,0.63,0.67,,,,,,,,39.0,,,,,61.0
Precinct,17,20-17,506,34.78,,,,,2.32,,,,0,,,,0,0.93,0.58,0.68,,,,,,,,38.54,,,,,61.46
Precinct,18,20-18,510,33.57,,,,,1.92,,,,0,,,,0,1.09,0.42,0.73,,,,,,,,41.57,,,,,58.43
Precinct,19,20-19,467,32.59,,,,,2.1,,,,0,,,,0,1.03,0.47,0.49,,,,,,,,31.48,,,,,68.52
Precinct,20,20-20,435,33.41,,,,,2.47,,,,0,,,,0,0.89,0.45,0.55,,,,,,,,34.94,,,,,65.06
Precinct,21,20-21,475,33.76,,,,,3.85,,,,0,,,,0,0.89,0.54,0.66,,,,,,,,34.11,,,,,65.68
Precinct,22,20-22,311,30.82,,,,,3.12,,,,0,,,,0,0.62,0.37,0.34,,,,,,,,36.98,,,,,63.02
Precinct,23,20-23,389,34.64,,,,,3.23,,,,0,,,,0,0.81,0.47,0.37,,,,,,,,29.56,,,,,70.44
Precinct,24,20-24,499,34.11,,,,,3.11,,,,0,,,,0,0.94,0.52,0.74,,,,,,,,38.68,,,,,61.32
Precinct,25,20-25,353,30.99,,,,,3.29,,,,0,,,,0,0.72,0.33,0.52,,,,,,,,31.44,,,,,68.56
Precinct,26,20-26,367,33.39,,,,,2.39,,,,0,,,,0,0.81,0.33,0.46,,,,,,,,39.51,,,,,60.22
Precinct,27,20-27,332,29.88,,,,,2.92,,,,0,,,,0,0.63,0.37,0.43,,,,,,,,31.63,,,,,68.07
Precinct,28,20-28,413,33.96,,,,,2.13,,,,0,,,,0,0.89,0.44,0.43,,,,,,,,37.29,,,,,62.71
Precinct,29,20-29,395,32.7,,,,,2.47,,,,0,,,,0,0.84,0.43,0.42,,,,,,,,39.49,,,,,60.51
Precinct,30,20-30,430,31.32,,,,,3.59,,,,0,,,,0,0.92,0.4,0.59,,,,,,,,30.0,,,,,70.0
Precinct,31,20-31,369,34.91,,,,,4.4,,,,0,,,,0,0.78,0.37,0.5,,,,,,,,37.67,,,,,62.33
Precinct,32,20-32,444,32.86,,,,,3.27,,,,0,,,,0,1.02,0.38,0.56,,,,,,,,41.89,,,,,58.11
Precinct,33,20-33,494,33.02,,,,,2.95,,,,0,,,,0,1.15,0.42,0.59,,,,,,,,31.58,,,,,68.42
Precinct,34,20-34,352,28.69,,,,,1.95,,,,0,,,,0,0.73,0.32,0.48,,,,,,,,41.48,,,,,58.52
Precinct,35,20-35,369,28.28,,,,,5.14,,,,0,,,,0,0.77,0.39,0.49,,,,,,,,34.96,,,,,65.04
Precinct,36,20-36,488,36.34,,,,,2.2,,,,0,,,,0,1.02,0.48,0.61,,,,,,,,23.77,,,,,76.23
Precinct,37,20-37,330,33.92,,,,,4.07,,,,0,,,,0,0.72,0.29,0.48,,,,,,,,36.67,,,,,63.33
Precinct,38,20-38,362,39.39,,,,,2.69,,,,0,,,,0,0.86,0.33,0.36,,,,,,,,24.03,,,,,75.97
Precinct,39,20-39,449,32.26,,,,,3.44,,,,0,,,,0,0.94,0.46,0.56,,,,,,,,30.29,,,,,69.71
Precinct,40,20-40,479,37.05,,,,,4.77,,,,0,,,,0,0.99,0.57,0.52,,,,,,,,29.65,,,,,70.35
Precinct,41,20-41,477,35.49,,,,,2.65,,,,0,,,,0,0.96,0.56,0.52,,,,,,,,27.25,,,,,72.75
Precinct,42,20-42,447,35.25,,,,,2.19,,,,0,,,,0,0.93,0.45,0.56,,,,,,,,34.23,,,,,65.77
Precinct,43,20-43,349,32.34,,,,,2.51,,,,0,,,,0,0.67,0.34,0.53,,,,,,,,34.96,,,,,65.04
Precinct,44,20-44,338,39.26,,,,,2.31,,,,0,,,,0,0.73,0.38,0.32,,,,,,,,37.28,,,,,62.72
Precinct,45,20-45,305,25.33,,,,,2.87,,,,0,,,,0,0.67,0.28,0.38,,,,,,,,42.3,,,,,57.7
Precinct,46,20-46,449,34.17,,,,,3.23,,,,0,,,,0,0.92,0.44,0.62,,,,,,,,35.63,,,,,63.7
Precinct,47,20-47,362,28.55,,,,,0.82,,,,0,,,,0,0.73,0.41,0.38,,,,,,,,29.28,,,,,70.72
Precinct,48,20-48,421,28.64,,,,,3.44,,,,0,,,,0,0.96,0.45,0.39,,,,,,,,37.05,,,,,62.95
Precinct,49,20-49,370,32.34,,,,,2.37,,,,0,,,,0,0.78,0.38,0.43,,,,,,,,34.32,,,,,65.68
Precinct,50,20-50,380,27.66,,,,,3.8,,,,0,,,,0,0.88,0.38,0.38,,,,,,,,34.21,,,,,65.79
Precinct,51,20-51,487,39.82,,,,,2.01,,,,0,,,,0,1.05,0.46,0.59,,,,,,,,42.71,,,,,57.29
Precinct,52,20-52,379,31.8,,,,,2.82,,,,0,,,,0,0.78,0.42,0.43,,,,,,,,28.23,,,,,71.77
Precinct,53,20-53,371,30.19,,,,,2.37,,,,0,,,,0,0.73,0.42,0.44,,,,,,,,36.93,,,,,63.07
Precinct,54,20-54,425,32.05,,,,,3.41,,,,0,,,,0,0.93,0.34,0.64,,,,,,,,38.59,,,,,61.41
Precinct,55,20-55,445,30.84,,,,,4.3,,,,0,,,,0,0.92,0.51,0.51,,,,,,,,32.58,,,,,67.42
Precinct,56,20-56,427,31.77,,,,,2.51,,,,0,,,,0,0.88,0.43,0.56,,,,,,,,25.53,,,,,74.47
Precinct,57,20-57,292,33.68,,,,,4.26,,,,0,,,,0,0.66,0.32,0.28,,,,,,,,28.08,,,,,71.92
Precinct,58,20-58,439,35.2,,,,,2.88,,,,0,,,,0,0.84,0.49,0.58,,,,,,,,43.51,,,,,56.49
Precinct,59,20-59,486,35.14,,,,,1.62,,,,0,,,,0,1.12,0.48,0.46,,,,,,,,46.91,,,,,53.09
Precinct,60,20-60,338,32.75,,,,,2.31,,,,0,,,,0,0.73,0.28,0.48,,,,,,,,36.69,,,,,63.31
Precinct,61,20-61,427,32.4,,,,,3.17,,,,0,,,,0,0.99,0.43,0.42,,,,,,,,42.39,,,,,57.61
Precinct,62,20-62,359,29.89,,,,,3.23,,,,0,,,,0,0.75,0.41,0.38,,,,,,,,47.63,,,,,52.09
Precinct,63,20-63,409,30.91,,,,,3.99,,,,0,,,,0,0.75,0.47,0.59,,,,,,,,39.85,,,,,60.15
Precinct,64,20-64,340,30.22,,,,,1.45,,,,0,,,,0,0.71,0.26,0.53,,,,,,,,45.29,,,,,54.71
Precinct,65,20-65,450,31.36,,,,,3.23,,,,0,,,,0,0.87,0.4,0.76,,,,,,,,41.11,,,,,58.67
Precinct,66,20-66,428,30.25,,,,,2.51,,,,0,,,,0,0.85,0.48,0.49,,,,,,,,32.01,,,,,67.99
Precinct,67,20-67,339,26.86,,,,,3.97,,,,0,,,,0,0.69,0.32,0.5,,,,,,,,28.32,,,,,71.68
Precinct,68,20-68,391,33.02,,,,,2.98,,,,0,,,,0,0.79,0.42,0.49,,,,,,,,33.76,,,,,66.24
Precinct,69,20-69,425,31.58,,,,,2.97,,,,0,,,,0,0.86,0.48,0.48,,,,,,,,38.82,,,,,61.18
Precinct,70,20-70,344,26.71,,,,,1.71,,,,0,,,,0,0.68,0.39,0.39,,,,,,,,31.98,,,,,68.02
Precinct,71,20-71,380,38.23,,,,,3.55,,,,0,,,,0,0.83,0.4,0.43,,,,,,,,43.42,,,,,56.58
Precinct,72,20-72,405,32.77,,,,,2.88,,,,0,,,,0,0.81,0.42,0.54,,,,,,,,42.22,,,,,57.78
Precinct,73,20-73,365,31.17,,,,,2.14,,,,0,,,,0,0.72,0.4,0.44,,,,,,,,31.51,,,,,68.49
Precinct,74,20-74,310,30.16,,,,,2.82,,,,0,,,,0,0.62,0.3,0.44,,,,,,,,32.26,,,,,67.42
Precinct,75,20-75,458,32.76,,,,,3.58,,,,0,,,,0,0.86,0.57,0.54,,,,,,,,22.05,,,,,77.95
Precinct,76,20-76,493,36.06,,,,,1.99,,,,0,,,,0,0.95,0.52,0.67,,,,,,,,28.6,,,,,71.4
Precinct,77,20-77,401,30.2,,,,,2.67,,,,0,,,,0,0.77,0.46,0.49,,,,,,,,25.44,,,,,74.56
Precinct,78,20-78,450,35.13,,,,,2.6,,,,0,,,,0,0.96,0.54,0.38,,,,,,,,28.0,,,,,72.0
Precinct,79,20-79,412,31.94,,,,,4.19,,,,0,,,,0,0.74,0.46,0.63,,,,,,,,25.97,,,,,74.03
Precinct,80,20-80,281,34.65,,,,,3.77,,,,0,,,,0,0.53,0.38,0.28,,,,,,,,33.45,,,,,66.55
Precinct,81,20-81,449,34.86,,,,,2.81,,,,0,,,,0,0.78,0.56,0.58,,,,,,,,21.16,,,,,78.17
Precinct,82,20-82,290,37.66,,,,,3.65,,,,0,,,,0,0.57,0.35,0.33,,,,,,,,28.97,,,,,71.03
Precinct,83,20-83,477,35.97,,,,,3.25,,,,0,,,,0,0.99,0.56,0.48,,,,,,,,30.82,,,,,69.18
Precinct,84,20-84,379,37.45,,,,,2.07,,,,0,,,,0,0.68,0.45,0.49,,,,,,,,29.82,,,,,70.18
Precinct,1,27-1,774,55.4,,,,,2.76,,,,0,,,,0,1.32,1.01,0.98,,,,,,,,,43.93,,,,56.07
Precinct,2,27-2,527,37.09,,,,,0.75,,,,0,,,,0,0.91,0.51,0.89,,,,,,,,,35.67,,,,64.33
Precinct,3,27-3,324,42.35,,,,,2.7,,,,0,,,,0,0.63,0.33,0.46,,,,,,,,,35.49,,,,64.51
Precinct,4,27-4,285,42.28,,,,,0.35,,,,0,,,,0,0.55,0.28,0.39,,,,,,,,,26.67,,,,73.33
Precinct,5,27-5,716,55.94,,,,,1.51,,,,0,,,,0,1.25,0.85,0.96,,,,,,,,,43.44,,,,56.56
Precinct,6,27-6,616,44.0,,,,,1.6,,,,0,,,,0,1.17,0.76,0.66,,,,,,,,,27.6,,,,72.4
Precinct,1,32-1,591,42.46,,,,,4.06,,,,0,,,,0,0.98,0.63,1.08,,,,,,,,,,,28.6,,70.73
Precinct,2,32-2,547,42.3,,,,,4.04,,,,0,,,,0,1.04,0.62,0.75,,,,,,,,,,,36.01,,63.99
Precinct,3,32-3,479,37.28,,,,,3.23,,,,0,,,,0,0.74,0.68,0.63,,,,,,,,,,,25.26,,74.74
Precinct,4,32-4,576,38.07,,,,,1.87,,,,0,,,,0,0.96,0.63,0.94,,,,,,,,,,,47.92,,52.08
Precinct,5,32-5,527,35.25,,,,,2.95,,,,0,,,,0,0.75,0.74,0.79,,,,,,,,,,,37.19,,62.81
Precinct,6,32-6,498,36.92,,,,,3.11,,,,0,,,,0,0.78,0.75,0.57,,,,,,,,,,,29.52,,70.48
Precinct,7,32-7,479,43.39,,,,,5.15,,,,0,,,,0,0.78,0.64,0.7,,,,,,,,,,,30.48,,69.52
Precinct,8,32-8,445,42.14,,,,,3.68,,,,0,,,,0,0.62,0.55,0.83,,,,,,,,,,,29.44,,70.56
Precinct,9,32-9,616,41.2,,,,,2.53,,,,0,,,,0,0.97,0.82,0.84,,,,,,,,,,,41.07,,57.79
Precinct,10,32-10,536,40.64,,,,,3.94,,,,0,,,,0,0.69,0.77,0.91,,,,,,,,,,,34.51,,65.49
Precinct,11,32-11,497,40.08,,,,,3.68,,,,0,,,,0,0.83,0.62,0.73,,,,,,,,,,,40.04,,59.96
Precinct,12,32-12,597,46.1,,,,,2.77,,,,0,,,,0,0.92,0.87,0.74,,,,,,,,,,,31.66,,68.34
Precinct,13,32-13,505,43.31,,,,,2.13,,,,0,,,,0,0.73,0.71,0.72,,,,,,,,,,,30.5,,69.51
Precinct,14,32-14,395,39.26,,,,,2.71,,,,0,,,,0,0.64,0.45,0.66,,,,,,,,,,,34.94,,65.06
Precinct,15,32-15,473,36.72,,,,,3.86,,,,0,,,,0,0.83,0.55,0.7,,,,,,,,,,,33.4,,66.6
Precinct,16,32-16,438,35.29,,,,,3.1,,,,0,,,,0,0.78,0.52,0.61,,,,,,,,,,,34.25,,65.75
Precinct,17,32-17,473,32.71,,,,,2.47,,,,0,,,,0,0.79,0.58,0.67,,,,,,,,,,,41.23,,58.56
Precinct,18,32-18,319,33.23,,,,,4.78,,,,0,,,,0,0.59,0.35,0.49,,,,,,,,,,,46.4,,53.61
Precinct,19,32-19,627,42.95,,,,,3.83,,,,0,,,,0,1.04,0.71,1.06,,,,,,,,,,,35.09,,64.91
Precinct,20,32-20,477,35.78,,,,,2.05,,,,0,,,,0,0.89,0.58,0.56,,,,,,,,,,,39.2,,60.8
Precinct,21,32-21,577,38.75,,,,,2.2,,,,0,,,,0,1.05,0.69,0.72,,,,,,,,,,,44.37,,55.63
Precinct,22,32-22,375,30.14,,,,,2.6,,,,0,,,,0,0.68,0.52,0.37,,,,,,,,,,,55.73,,44.0
Precinct,23,32-23,405,34.15,,,,,4.71,,,,0,,,,0,0.71,0.4,0.76,,,,,,,,,,,50.37,,49.63
Precinct,80,32-80,435,37.34,,,,,2.68,,,,0,,,,0,0.6,0.6,0.69,,,,,,,,,,,34.71,,65.29
Precinct,81,32-81,429,32.13,,,,,2.72,,,,0,,,,0,0.69,0.54,0.63,,,,,,,,,,,32.4,,67.37
Precinct,82,32-82,626,46.47,,,,,3.4,,,,0,,,,0,1.0,0.89,0.78,,,,,,,,,,,37.86,,61.66
Precinct,83,32-83,451,32.7,,,,,2.59,,,,0,,,,0,0.69,0.58,0.68,,,,,,,,,,,39.91,,60.09
Precinct,84,32-84,484,39.0,,,,,1.83,,,,0,,,,0,0.81,0.6,0.65,,,,,,,,,,,50.21,,49.79
Precinct,85,32-85,507,33.87,,,,,2.12,,,,0,,,,0,0.76,0.58,0.89,,,,,,,,,,,36.49,,63.51
Precinct,95,32-95,510,42.75,,,,,4.85,,,,0,,,,0,0.76,0.8,0.62,,,,,,,,,,,36.86,,63.14
Precinct,96,32-96,368,37.13,,,,,4.66,,,,0,,,,0,0.68,0.46,0.47,,,,,,,,,,,52.45,,47.55
Precinct,101,32-101,429,63.84,,,,,2.72,,,,0,,,,0,0.76,0.53,0.56,,,,,,,,,,,41.03,,58.97
Precinct,1,60-1,673,47.0,,,,,1.75,,,,0,,,,0,1.33,0.71,0.85,,,,,,,,,,42.5,,,57.5
Precinct,2,60-2,590,47.24,,,,,2.8,,,,0,,,,0,1.36,0.61,0.54,,,,,,,,,,33.22,,,66.78
Precinct,3,60-3,521,47.62,,,,,4.23,,,,0,,,,0,1.12,0.61,0.52,,,,,,,,,,46.26,,,53.36
Precinct,4,60-4,668,50.57,,,,,4.71,,,,0,,,,0,1.48,0.72,0.72,,,,,,,,,,45.36,,,54.49
Precinct,5,60-5,511,48.25,,,,,1.16,,,,0,,,,0,0.75,0.88,0.41,,,,,,,,,,41.1,,,58.71
Precinct,6,60-6,682,54.96,,,,,2.43,,,,0,,,,0,1.32,0.65,1.04,,,,,,,,,,39.44,,,60.56
Precinct,7,60-7,632,45.11,,,,,2.62,,,,0,,,,0,1.32,0.76,0.58,,,,,,,,,,40.82,,,58.23
Precinct,8,60-8,723,51.79,,,,,3.86,,,,0,,,,0,1.42,0.83,0.91,,,,,,,,,,43.98,,,56.02
Precinct,9,60-9,545,49.14,,,,,2.68,,,,0,,,,0,0.87,0.72,0.74,,,,,,,,,,39.45,,,60.55
Precinct,10,60-10,423,55.95,,,,,3.42,,,,0,,,,0,0.83,0.39,0.68,,,,,,,,,,41.84,,,58.16
Precinct,55,60-55,515,45.74,,,,,3.74,,,,0,,,,0,1.32,0.52,0.34,,,,,,,,,,38.45,,,61.55
Precinct,56,60-56,557,47.44,,,,,3.63,,,,0,,,,0,1.3,0.63,0.42,,,,,,,,,,39.86,,,60.14
Precinct,57,60-57,455,54.23,,,,,2.78,,,,0,,,,0,1.15,0.41,0.38,,,,,,,,,,40.22,,,59.78
Precinct,1,70-1,460,32.9,,,,,3.16,,,,0,,,,0,0.97,0.48,0.55,,,,,,,,,,28.04,,,71.96
Precinct,2,70-2,338,39.49,,,,,2.87,,,,0,,,,0,0.68,0.37,0.42,,,,,,,,,,22.49,,,77.51
Precinct,3,70-3,396,34.77,,,,,1.74,,,,0,,,,0,0.79,0.37,0.57,,,,,,,,,,28.03,,,71.97
Precinct,4,70-4,373,33.94,,,,,3.37,,,,0,,,,0,0.75,0.47,0.37,,,,,,,,,,32.17,,,67.83
Precinct,5,70-5,576,37.07,,,,,2.04,,,,0,,,,0,1.14,0.58,0.77,,,,,,,,,,26.04,,,73.96
Precinct,7,70-7,447,33.01,,,,,1.54,,,,0,,,,0,0.98,0.36,0.62,,,,,,,,,,24.61,,,75.39
Precinct,8,70-8,589,39.14,,,,,1.83,,,,0,,,,0,1.05,0.69,0.78,,,,,,,,,,32.43,,,67.57
Precinct,9,70-9,572,37.26,,,,,1.38,,,,0,,,,0,1.22,0.59,0.62,,,,,,,,,,18.18,,,81.82
Precinct,10,70-10,395,25.6,,,,,1.74,,,,0,,,,0,0.79,0.44,0.44,,,,,,,,,,26.33,,,73.67
Precinct,11,70-11,472,33.43,,,,,2.28,,,,0,,,,0,0.92,-0.19,1.78,,,,,,,,,,27.97,,,72.03
Precinct,12,70-12,437,28.94,,,,,2.02,,,,0,,,,0,0.86,0.47,0.54,,,,,,,,,,22.65,,,77.35
Precinct,13,70-13,410,37.31,,,,,2.61,,,,0,,,,0,0.8,0.44,0.53,,,,,,,,,,24.39,,,75.61
Precinct,14,70-14,462,29.62,,,,,2.94,,,,0,,,,0,0.75,0.52,0.78,,,,,,,,,,33.33,,,66.67
Precinct,15,70-15,291,22.33,,,,,4.59,,,,0,,,,0,0.67,0.32,0.27,,,,,,,,,,32.65,,,67.35
Precinct,16,70-16,406,25.63,,,,,3.1,,,,0,,,,0,0.74,0.49,0.52,,,,,,,,,,23.65,,,76.35
Precinct,17,70-17,230,28.4,,,,,4.56,,,,0,,,,0,0.46,0.21,0.37,,,,,,,,,,16.52,,,83.48
Precinct,18,70-18,499,29.35,,,,,1.96,,,,0,,,,0,0.93,0.56,0.64,,,,,,,,,,32.46,,,67.54
Precinct,19,70-19,451,28.87,,,,,3.01,,,,0,,,,0,0.92,0.54,0.46,,,,,,,,,,32.15,,,67.85
Precinct,20,70-20,305,25.25,,,,,6.15,,,,0,,,,0,0.66,0.33,0.37,,,,,,,,,,28.2,,,71.48
Precinct,21,70-21,270,18.17,,,,,2.17,,,,0,,,,0,0.5,0.28,0.4,,,,,,,,,,26.67,,,73.33
Precinct,22,70-22,174,35.66,,,,,0.57,,,,0,,,,0,0.35,0.21,0.14,,,,,,,,,,22.99,,,77.01
Precinct,23,70-23,458,35.39,,,,,1.72,,,,0,,,,0,0.8,0.58,0.55,,,,,,,,,,34.72,,,65.28
Precinct,24,70-24,359,29.99,,,,,2.71,,,,0,,,,0,0.7,0.42,0.41,,,,,,,,,,32.87,,,67.13
Precinct,25,70-25,220,39.29,,,,,7.56,,,,0,,,,0,0.51,0.21,0.29,,,,,,,,,,19.55,,,80.45
Precinct,26,70-26,287,24.91,,,,,3.04,,,,0,,,,0,0.54,0.38,0.29,,,,,,,,,,25.09,,,74.91
Precinct,27,70-27,381,32.4,,,,,3.3,,,,0,,,,0,0.88,0.37,0.41,,,,,,,,,,21.52,,,78.48
Precinct,28,70-28,475,31.29,,,,,2.66,,,,0,,,,0,0.82,0.57,0.68,,,,,,,,,,27.58,,,72.42
Precinct,29,70-29,373,28.52,,,,,2.36,,,,0,,,,0,0.82,0.29,0.55,,,,,,,,,,30.03,,,69.97
Precinct,30,70-30,466,33.72,,,,,2.31,,,,0,,,,0,0.78,0.55,0.71,,,,,,,,,,27.47,,,72.53
Precinct,31,70-31,425,35.04,,,,,1.62,,,,0,,,,0,0.97,0.41,0.42,,,,,,,,,,36.71,,,63.29
Precinct,33,70-33,260,29.15,,,,,4.06,,,,0,,,,0,0.57,0.26,0.31,,,,,,,,,,31.92,,,68.08
Precinct,34,70-34,248,19.15,,,,,3.88,,,,0,,,,0,0.53,0.26,0.29,,,,,,,,,,22.18,,,77.82
Precinct,1,79-1,358,26.98,,,,,4.02,,,,0,,,,0,0.67,0.46,0.42,,,,,,,,19.27,,,,,80.73
Precinct,2,79-2,347,26.8,,,,,2.53,,,,0,,,,0,0.58,0.42,0.5,,,,,,,,22.19,,,,,77.81
Precinct,3,79-3,264,18.06,,,,,2.94,,,,0,,,,0,0.44,0.37,0.32,,,,,,,,27.65,,,,,72.35
Precinct,4,79-4,287,20.17,,,,,2.05,,,,0,,,,0,0.4,0.42,0.4,,,,,,,,36.24,,,,,63.76
Precinct,6,79-6,435,30.1,,,,,3.12,,,,0,,,,0,0.65,0.69,0.48,,,,,,,,18.85,,,,,81.15
Precinct,7,79-7,371,33.79,,,,,2.88,,,,0,,,,0,0.55,0.47,0.61,,,,,,,,18.33,,,,,81.67
Precinct,8,79-8,320,28.07,,,,,5.88,,,,0,,,,0,0.52,0.46,0.44,,,,,,,,19.06,,,,,80.94
Precinct,9,79-9,338,26.34,,,,,4.25,,,,0,,,,0,0.58,0.43,0.46,,,,,,,,16.57,,,,,83.43
Precinct,10,79-10,409,26.82,,,,,2.15,,,,0,,,,0,0.68,0.53,0.54,,,,,,,,22.74,,,,,77.26
Precinct,11,79-11,381,26.7,,,,,4.03,,,,0,,,,0,0.67,0.42,0.62,,,,,,,,22.83,,,,,77.17
Precinct,12,79-12,313,24.49,,,,,4.57,,,,0,,,,0,0.57,0.48,0.26,,,,,,,,20.45,,,,,79.55
Precinct,13,79-13,372,25.91,,,,,3.88,,,,0,,,,0,0.51,0.55,0.55,,,,,,,,18.55,,,,,81.18
Precinct,14,79-14,443,30.91,,,,,1.77,,,,0,,,,0,0.73,0.53,0.64,,,,,,,,18.28,,,,,81.72
Precinct,15,79-15,336,22.9,,,,,2.04,,,,0,,,,0,0.54,0.49,0.37,,,,,,,,20.83,,,,,79.17
Precinct,16,79-16,470,30.96,,,,,3.09,,,,0,,,,0,0.8,0.58,0.67,,,,,,,,22.55,,,,,77.45
Precinct,17,79-17,338,24.23,,,,,2.31,,,,0,,,,0,0.6,0.38,0.49,,,,,,,,26.04,,,,,73.96
Precinct,18,79-18,414,28.01,,,,,5.69,,,,0,,,,0,0.81,0.43,0.63,,,,,,,,17.87,,,,,82.13
Precinct,19,79-19,341,24.13,,,,,3.94,,,,0,,,,0,0.52,0.43,0.57,,,,,,,,28.74,,,,,71.26
Precinct,20,79-20,229,15.28,,,,,3.78,,,,0,,,,0,0.35,0.24,0.45,,,,,,,,24.45,,,,,75.55
Precinct,21,79-21,311,21.08,,,,,2.2,,,,0,,,,0,0.47,0.34,0.57,,,,,,,,27.01,,,,,72.99
Precinct,22,79-22,330,26.74,,,,,2.08,,,,0,,,,0,0.67,0.35,0.4,,,,,,,,23.64,,,,,76.36
Precinct,23,79-23,305,22.76,,,,,2.87,,,,0,,,,0,0.54,0.38,0.38,,,,,,,,22.95,,,,,77.05
Precinct,24,79-24,359,24.74,,,,,4.52,,,,0,,,,0,0.69,0.46,0.4,,,,,,,,32.31,,,,,67.69
Precinct,25,79-25,295,20.25,,,,,4.22,,,,0,,,,0,0.63,0.3,0.37,,,,,,,,29.15,,,,,70.51
Precinct,26,79-26,321,21.87,,,,,3.02,,,,0,,,,0,0.52,0.41,0.46,,,,,,,,29.91,,,,,70.09
Precinct,27,79-27,366,24.51,,,,,1.35,,,,0,,,,0,0.66,0.36,0.57,,,,,,,,20.49,,,,,79.51
Precinct,28,79-28,382,30.78,,,,,3.05,,,,0,,,,0,0.7,0.43,0.54,,,,,,,,19.63,,,,,80.1
Precinct,29,79-29,325,23.83,,,,,3.27,,,,0,,,,0,0.51,0.39,0.54,,,,,,,,19.08,,,,,80.92
Precinct,30,79-30,331,22.75,,,,,3.22,,,,0,,,,0,0.67,0.35,0.42,,,,,,,,17.82,,,,,81.87
Precinct,31,79-31,330,22.1,,,,,3.79,,,,0,,,,0,0.62,0.4,0.42,,,,,,,,18.48,,,,,81.52
Precinct,32,79-32,368,26.1,,,,,1.6,,,,0,,,,0,0.65,0.36,0.62,,,,,,,,31.25,,,,,68.75
Precinct,33,79-33,316,21.5,,,,,6.78,,,,0,,,,0,0.49,0.4,0.56,,,,,,,,24.37,,,,,75.32
Precinct,34,79-34,328,22.67,,,,,1.8,,,,0,,,,0,0.56,0.4,0.43,,,,,,,,18.9,,,,,81.1
Precinct,35,79-35,331,22.64,,,,,3.5,,,,0,,,,0,0.6,0.39,0.47,,,,,,,,31.42,,,,,68.58
Precinct,36,79-36,338,24.62,,,,,1.17,,,,0,,,,0,0.58,0.42,0.43,,,,,,,,28.7,,,,,71.3
Precinct,37,79-37,389,29.27,,,,,2.51,,,,0,,,,0,0.84,0.39,0.44,,,,,,,,16.71,,,,,83.29
Precinct,38,79-38,385,28.65,,,,,1.28,,,,0,,,,0,0.62,0.49,0.52,,,,,,,,12.73,,,,,87.27
Precinct,39,79-39,367,25.85,,,,,5.17,,,,0,,,,0,0.79,0.38,0.47,,,,,,,,15.26,,,,,84.74
Precinct,40,79-40,408,29.12,,,,,4.45,,,,0,,,,0,0.75,0.45,0.62,,,,,,,,23.53,,,,,76.47
Precinct,41,79-41,280,23.47,,,,,4.44,,,,0,,,,0,0.5,0.33,0.41,,,,,,,,22.5,,,,,77.5
Precinct,42,79-42,380,28.13,,,,,3.31,,,,0,,,,0,0.79,0.4,0.47,,,,,,,,27.11,,,,,72.89
Precinct,43,79-43,274,23.64,,,,,4.86,,,,0,,,,0,0.48,0.41,0.28,,,,,,,,41.24,,,,,58.76
Precinct,44,79-44,351,23.38,,,,,3.31,,,,0,,,,0,0.65,0.39,0.5,,,,,,,,18.52,,,,,81.48
Precinct,45,79-45,381,27.93,,,,,4.03,,,,0,,,,0,0.62,0.54,0.47,,,,,,,,22.05,,,,,77.69
Precinct,46,79-46,280,20.04,,,,,2.1,,,,0,,,,0,0.4,0.38,0.43,,,,,,,,19.29,,,,,80.71
Precinct,47,79-47,204,17.13,,,,,1.45,,,,0,,,,0,0.33,0.25,0.28,,,,,,,,16.18,,,,,83.33
Precinct,48,79-48,236,16.42,,,,,2.48,,,,0,,,,0,0.35,0.31,0.36,,,,,,,,19.92,,,,,80.08
Precinct,49,79-49,364,27.0,,,,,3.45,,,,0,,,,0,0.58,0.47,0.54,,,,,,,,16.76,,,,,83.24
Precinct,50,79-50,400,25.84,,,,,1.48,,,,0,,,,0,0.75,0.41,0.57,,,,,,,,16.25,,,,,83.75
Precinct,51,79-51,303,21.96,,,,,3.5,,,,0,,,,0,0.49,0.43,0.37,,,,,,,,21.45,,,,,78.55
Precinct,52,79-52,359,26.19,,,,,4.52,,,,0,,,,0,0.6,0.53,0.41,,,,,,,,16.99,,,,,83.01
Precinct,53,79-53,352,27.87,,,,,2.76,,,,0,,,,0,0.58,0.54,0.33,,,,,,,,19.03,,,,,80.97
Precinct,54,79-54,391,28.44,,,,,4.63,,,,0,,,,0,0.69,0.46,0.59,,,,,,,,26.34,,,,,73.66
Precinct,55,79-55,261,27.88,,,,,4.4,,,,0,,,,0,0.65,0.24,0.25,,,,,,,,32.18,,,,,67.82
Precinct,56,79-56,346,24.09,,,,,5.72,,,,0,,,,0,0.63,0.44,0.47,,,,,,,,23.41,,,,,76.59
Precinct,57,79-57,373,26.14,,,,,4.36,,,,0,,,,0,0.68,0.42,0.56,,,,,,,,28.42,,,,,71.58
Precinct,58,79-58,343,24.69,,,,,1.15,,,,0,,,,0,0.76,0.35,0.33,,,,,,,,18.66,,,,,81.34
Precinct,59,79-59,315,23.88,,,,,3.96,,,,0,,,,0,0.58,0.39,0.41,,,,,,,,33.02,,,,,66.98
Precinct,60,79-60,430,30.74,,,,,2.93,,,,0,,,,0,0.75,0.54,0.56,,,,,,,,17.91,,,,,82.09
Precinct,61,79-61,255,21.04,,,,,4.49,,,,0,,,,0,0.44,0.33,0.36,,,,,,,,30.98,,,,,69.02
Precinct,62,79-62,271,20.58,,,,,2.87,,,,0,,,,0,0.49,0.35,0.31,,,,,,,,31.37,,,,,68.63
Precinct,63,79-63,333,23.03,,,,,3.76,,,,0,,,,0,0.57,0.43,0.44,,,,,,,,21.02,,,,,78.98
Precinct,64,79-64,317,21.58,,,,,3.65,,,,0,,,,0,0.59,0.35,0.46,,,,,,,,23.97,,,,,76.03
Precinct,65,79-65,440,29.43,,,,,3.08,,,,0,,,,0,0.68,0.61,0.6,,,,,,,,26.59,,,,,73.41
Precinct,66,79-66,290,26.01,,,,,3.33,,,,0,,,,0,0.5,0.36,0.41,,,,,,,,26.21,,,,,73.79
Precinct,67,79-67,263,18.56,,,,,3.31,,,,0,,,,0,0.56,0.21,0.41,,,,,,,,30.8,,,,,69.2
Precinct,68,79-68,410,28.83,,,,,4.21,,,,0,,,,0,0.7,0.56,0.51,,,,,,,,21.95,,,,,77.8
Precinct,69,79-69,228,24.18,,,,,1.3,,,,0,,,,0,0.52,0.24,0.19,,,,,,,,14.91,,,,,85.09
Precinct,70,79-70,210,28.3,,,,,2.33,,,,0,,,,0,0.35,0.28,0.26,,,,,,,,25.24,,,,,74.76
Precinct,71,79-71,337,23.29,,,,,4.8,,,,0,,,,0,0.5,0.43,0.58,,,,,,,,22.85,,,,,77.15
Precinct,72,79-72,260,18.01,,,,,4.06,,,,0,,,,0,0.43,0.39,0.28,,,,,,,,16.15,,,,,83.85
Precinct,73,79-73,370,25.86,,,,,2.12,,,,0,,,,0,0.69,0.38,0.54,,,,,,,,15.68,,,,,84.32
Precinct,75,79-75,268,26.93,,,,,3.25,,,,0,,,,0,0.6,0.27,0.29,,,,,,,,13.43,,,,,86.57
Precinct,76,79-76,374,24.41,,,,,3.11,,,,0,,,,0,0.6,0.44,0.62,,,,,,,,19.25,,,,,80.75
Precinct,77,79-77,253,24.26,,,,,8.66,,,,0,,,,0,0.61,0.27,0.27,,,,,,,,20.55,,,,,79.45
Precinct,78,79-78,272,26.85,,,,,3.2,,,,0,,,,0,0.3,0.4,0.49,,,,,,,,19.12,,,,,80.88
Precinct,79,79-79,357,28.0,,,,,1.92,,,,0,,,,0,0.7,0.35,0.51,,,,,,,,10.36,,,,,89.64
Precinct,81,79-81,189,22.34,,,,,1.05,,,,0,,,,0,0.24,0.15,0.49,,,,,,,,22.75,,,,,77.25
Precinct,82,79-82,215,32.43,,,,,3.15,,,,0,,,,0,0.35,0.29,0.28,,,,,,,,20.0,,,,,80.0
Precinct,83,79-83,319,28.33,,,,,5.62,,,,0,,,,0,0.55,0.42,0.44,,,,,,,,19.44,,,,,80.56
Precinct,84,79-84,220,23.21,,,,,2.22,,,,0,,,,0,0.36,0.31,0.26,,,,,,,,24.09,,,,,75.91
Precinct,85,79-85,327,26.08,,,,,3.54,,,,0,,,,0,0.51,0.43,0.48,,,,,,,,18.35,,,,,81.65
Precinct,86,79-86,244,29.68,,,,,2.4,,,,0,,,,0,0.41,0.34,0.27,,,,,,,,14.75,,,,,85.25
Precinct,87,79-87,343,23.38,,,,,2.56,,,,0,,,,0,0.73,0.29,0.5,,,,,,,,28.57,,,,,71.43
Precinct,88,79-88,309,24.9,,,,,0.64,,,,0,,,,0,0.59,0.36,0.34,,,,,,,,15.53,,,,,84.14
Precinct,89,79-89,342,25.93,,,,,2.01,,,,0,,,,0,0.58,0.4,0.49,,,,,,,,18.13,,,,,81.87
Precinct,90,79-90,282,23.46,,,,,2.08,,,,0,,,,0,0.44,0.4,0.35,,,,,,,,23.4,,,,,76.6
Precinct,91,79-91,395,26.55,,,,,1.25,,,,0,,,,0,0.63,0.45,0.63,,,,,,,,18.99,,,,,81.01
Precinct,92,79-92,505,33.85,,,,,2.7,,,,0,,,,0,0.93,0.59,0.66,,,,,,,,14.65,,,,,85.15
Precinct,93,79-93,257,29.04,,,,,2.28,,,,0,,,,0,0.41,0.23,0.52,,,,,,,,14.01,,,,,85.99
Precinct,94,79-94,397,32.09,,,,,3.41,,,,0,,,,0,0.75,0.37,0.67,,,,,,,,25.69,,,,,74.31
Precinct,95,79-95,441,35.25,,,,,2.43,,,,0,,,,0,0.64,0.65,0.58,,,,,,,,18.82,,,,,81.18
Precinct,96,79-96,354,23.44,,,,,2.48,,,,0,,,,0,0.68,0.35,0.54,,,,,,,,22.32,,,,,77.68
Precinct,97,79-97,373,25.36,,,,,5.09,,,,0,,,,0,0.61,0.51,0.52,,,,,,,,15.01,,,,,84.99
Precinct,98,79-98,345,27.25,,,,,1.43,,,,0,,,,0,0.54,0.45,0.47,,,,,,,,17.39,,,,,82.61
Precinct,99,79-99,356,28.21,,,,,1.11,,,,0,,,,0,0.66,0.4,0.44,,,,,,,,17.98,,,,,82.02
Precinct,100,79-100,298,35.48,,,,,1.97,,,,0,,,,0,0.66,0.25,0.39,,,,,,,,13.09,,,,,86.91
Precinct,101,79-101,141,26.7,,,,,2.08,,,,0,,,,0,0.28,0.16,0.16,,,,,,,,31.21,,,,,68.79
Precinct,102,79-102,256,20.51,,,,,1.54,,,,0,,,,0,0.6,0.21,0.28,,,,,,,,47.66,,,,,51.95
Precinct,103,79-103,418,26.83,,,,,1.88,,,,0,,,,0,0.85,0.41,0.55,,,,,,,,33.49,,,,,66.51
Precinct,104,79-104,380,26.13,,,,,3.31,,,,0,,,,0,0.72,0.46,0.46,,,,,,,,21.84,,,,,78.16
Tbilisi District,7,Chugureti,19636,34.95,0,14,23,6,,0,0.0,,,0,0.0,,,,,,0,0,0,0,43,20.0,,27.59,,,,,72.41
Tbilisi District,8,Didube,24359,37.28,0,16,34,4,,0,0.0,,,0,0.0,,,,,,0,0,0,0,54,20.0,,25.79,,,,,74.16
Tbilisi District,10,Gldani,41041,30.96,3,50,48,8,,0,0.0,,,0,0.0,,,,,,0,0,1,1,111,20.0,,28.88,,,,,71.09
Tbilisi District,5,Isani,30405,29.06,2,38,32,4,,0,0.0,,,0,0.0,,,,,,0,0,0,0,76,20.0,,31.51,,,,,68.48
Tbilisi District,4,Krtsanisi,13679,33.16,0,18,12,2,,0,0.0,,,0,0.0,,,,,,0,0,0,0,33,20.0,,30.21,,,,,69.79
Tbilisi District,1,Mtatsminda,20345,40.52,0,17,20,1,,0,0.0,,,0,0.0,,,,,,0,0,0,0,38,20.0,,34.36,,,,,65.62
Tbilisi District,9,Nadzaladevi,41581,32.97,1,46,41,7,,0,0.0,,,0,0.0,,,,,,0,0,0,0,96,20.0,,25.15,,,,,74.82
Tbilisi District,3,Saburtalo,40998,34.82,0,22,55,8,,0,0.0,,,0,0.0,,,,,,0,0,0,0,85,20.0,,24.46,,,,,75.53
Tbilisi District,6,Samgori,39225,29.52,0,50,56,8,,0,0.0,,,0,0.0,,,,,,0,0,0,0,114,19.66,,27.17,,,,,72.82
Tbilisi District,2,Vake,35219,37.83,1,19,50,7,,0,0.0,,,0,0.0,,,,,,0,0,0,0,77,20.0,,25.43,,,,,74.54
Tbilisi Precinct,1,1-1,549,38.1,,,,,4.02,,,,0,,,,0,1.1,0.69,0.56,,,,,,,,26.96,,,,,73.04
Tbilisi Precinct,2,1-2,487,39.5,,,,,4.7,,,,0,,,,0,0.84,0.76,0.45,,,,,,,,36.96,,,,,63.04
Tbilisi Precinct,3,1-3,573,40.21,,,,,2.88,,,,0,,,,0,0.88,0.84,0.72,,,,,,,,38.74,,,,,61.26
Tbilisi Precinct,4,1-4,467,41.04,,,,,2.71,,,,0,,,,0,0.87,0.62,0.47,,,,,,,,26.77,,,,,73.23
Tbilisi Precinct,5,1-5,603,40.58,,,,,2.43,,,,0,,,,0,0.95,0.98,0.54,,,,,,,,32.5,,,,,67.33
Tbilisi Precinct,6,1-6,592,40.8,,,,,3.43,,,,0,,,,0,0.78,0.96,0.77,,,,,,,,33.28,,,,,66.72
Tbilisi Precinct,7,1-7,522,37.29,,,,,3.15,,,,0,,,,0,0.81,0.73,0.69,,,,,,,,32.95,,,,,67.05
Tbilisi Precinct,8,1-8,373,32.89,,,,,4.36,,,,0,,,,0,0.54,0.6,0.44,,,,,,,,31.9,,,,,68.1
Tbilisi Precinct,9,1-9,499,37.41,,,,,4.59,,,,0,,,,0,0.9,0.72,0.49,,,,,,,,42.08,,,,,57.92
Tbilisi Precinct,10,1-10,566,35.94,,,,,2.58,,,,0,,,,0,0.98,0.7,0.76,,,,,,,,32.86,,,,,67.14
Tbilisi Precinct,11,1-11,596,37.56,,,,,3.72,,,,0,,,,0,1.12,0.84,0.56,,,,,,,,40.1,,,,,59.9
Tbilisi Precinct,12,1-12,593,38.86,,,,,4.35,,,,0,,,,0,0.86,0.95,0.71,,,,,,,,34.06,,,,,65.77
Tbilisi Precinct,13,1-13,470,36.58,,,,,1.88,,,,0,,,,0,0.9,0.58,0.48,,,,,,,,24.89,,,,,74.89
Tbilisi Precinct,14,1-14,440,38.5,,,,,3.51,,,,0,,,,0,0.75,0.61,0.52,,,,,,,,29.77,,,,,70.23
Tbilisi Precinct,15,1-15,538,41.67,,,,,3.24,,,,0,,,,0,0.97,0.71,0.62,,,,,,,,30.67,,,,,69.33
Tbilisi Precinct,16,1-16,579,39.28,,,,,4.3,,,,0,,,,0,1.08,0.78,0.63,,,,,,,,36.61,,,,,63.39
Tbilisi Precinct,17,1-17,381,36.53,,,,,2.31,,,,0,,,,0,0.54,0.63,0.39,,,,,,,,30.18,,,,,69.82
Tbilisi Precinct,18,1-18,403,37.14,,,,,1.95,,,,0,,,,0,0.59,0.69,0.35,,,,,,,,35.48,,,,,64.52
Tbilisi Precinct,19,1-19,519,34.88,,,,,2.99,,,,0,,,,0,0.85,0.71,0.65,,,,,,,,31.6,,,,,68.4
Tbilisi Precinct,20,1-20,516,37.72,,,,,3.91,,,,0,,,,0,0.87,0.82,0.45,,,,,,,,43.02,,,,,56.98
Tbilisi Precinct,21,1-21,577,40.75,,,,,2.2,,,,0,,,,0,0.8,0.99,0.56,,,,,,,,36.74,,,,,63.26
Tbilisi Precinct,22,1-22,587,39.26,,,,,2.81,,,,0,,,,0,0.83,0.89,0.77,,,,,,,,27.43,,,,,72.57
Tbilisi Precinct,23,1-23,574,41.15,,,,,4.65,,,,0,,,,0,1.02,0.89,0.5,,,,,,,,33.1,,,,,66.9
Tbilisi Precinct,24,1-24,649,40.87,,,,,1.82,,,,0,,,,0,1.08,0.9,0.73,,,,,,,,40.52,,,,,59.48
Tbilisi Precinct,25,1-25,353,33.27,,,,,6.12,,,,0,,,,0,0.58,0.51,0.47,,,,,,,,43.06,,,,,56.94
Tbilisi Precinct,26,1-26,483,39.56,,,,,3.59,,,,0,,,,0,0.76,0.72,0.56,,,,,,,,34.99,,,,,65.01
Tbilisi Precinct,27,1-27,561,33.88,,,,,3.44,,,,0,,,,0,0.87,0.87,0.62,,,,,,,,28.52,,,,,71.48
Tbilisi Precinct,28,1-28,570,42.51,,,,,4.04,,,,0,,,,0,0.95,0.87,0.59,,,,,,,,31.93,,,,,68.07
Tbilisi Precinct,29,1-29,586,38.0,,,,,2.66,,,,0,,,,0,0.86,0.98,0.57,,,,,,,,24.74,,,,,75.26
Tbilisi Precinct,30,1-30,448,37.15,,,,,3.45,,,,0,,,,0,0.72,0.65,0.53,,,,,,,,27.23,,,,,72.77
Tbilisi Precinct,31,1-31,541,38.75,,,,,2.87,,,,0,,,,0,0.74,0.87,0.67,,,,,,,,28.47,,,,,71.53
Tbilisi Precinct,32,1-32,826,57.36,,,,,3.62,,,,0,,,,0,1.43,1.12,0.98,,,,,,,,37.89,,,,,62.11
Tbilisi Precinct,33,1-33,431,34.62,,,,,3.58,,,,0,,,,0,0.69,0.68,0.43,,,,,,,,36.43,,,,,63.57
Tbilisi Precinct,35,1-35,682,54.47,,,,,2.43,,,,0,,,,0,0.95,1.08,0.82,,,,,,,,46.04,,,,,53.96
Tbilisi Precinct,36,1-36,161,51.6,,,,,3.01,,,,0,,,,0,0.34,0.23,0.09,,,,,,,,34.16,,,,,65.84
Tbilisi Precinct,37,1-37,841,53.53,,,,,1.75,,,,0,,,,0,1.15,1.2,1.21,,,,,,,,36.86,,,,,63.14
Tbilisi Precinct,38,1-38,469,49.95,,,,,2.49,,,,0,,,,0,0.7,0.71,0.55,,,,,,,,41.58,,,,,58.42
Tbilisi Precinct,39,1-39,740,60.41,,,,,1.6,,,,0,,,,0,1.11,1.08,0.89,,,,,,,,36.76,,,,,63.24
Tbilisi Precinct,1,2-1,528,42.11,,,,,3.12,,,,0,,,,0,0.89,0.75,0.59,,,,,,,,27.84,,,,,72.16
Tbilisi Precinct,2,2-2,526,38.39,,,,,4.88,,,,0,,,,0,0.75,0.83,0.68,,,,,,,,24.33,,,,,75.29
Tbilisi Precinct,3,2-3,565,38.78,,,,,2.08,,,,0,,,,0,0.8,0.82,0.78,,,,,,,,25.13,,,,,74.69
Tbilisi Precinct,4,2-4,511,36.71,,,,,3.58,,,,0,,,,0,0.7,0.84,0.62,,,,,,,,26.61,,,,,73.39
Tbilisi Precinct,5,2-5,618,40.71,,,,,2.52,,,,0,,,,0,0.98,0.87,0.77,,,,,,,,20.71,,,,,79.29
Tbilisi Precinct,6,2-6,518,40.72,,,,,4.07,,,,0,,,,0,0.85,0.75,0.62,,,,,,,,25.87,,,,,74.13
Tbilisi Precinct,7,2-7,397,37.92,,,,,2.93,,,,0,,,,0,0.57,0.59,0.54,,,,,,,,29.22,,,,,70.78
Tbilisi Precinct,8,2-8,384,31.35,,,,,3.76,,,,0,,,,0,0.6,0.57,0.47,,,,,,,,24.22,,,,,75.78
Tbilisi Precinct,9,2-9,431,35.89,,,,,3.15,,,,0,,,,0,0.67,0.63,0.53,,,,,,,,20.19,,,,,79.81
Tbilisi Precinct,10,2-10,537,41.24,,,,,5.12,,,,0,,,,0,0.86,0.8,0.67,,,,,,,,25.33,,,,,74.67
Tbilisi Precinct,11,2-11,495,37.53,,,,,2.75,,,,0,,,,0,0.84,0.75,0.46,,,,,,,,29.29,,,,,70.1
Tbilisi Precinct,12,2-12,560,42.78,,,,,3.45,,,,0,,,,0,0.73,0.97,0.62,,,,,,,,19.82,,,,,80.18
Tbilisi Precinct,13,2-13,560,39.49,,,,,2.61,,,,0,,,,0,0.91,0.78,0.67,,,,,,,,19.82,,,,,80.18
Tbilisi Precinct,14,2-14,528,39.52,,,,,4.35,,,,0,,,,0,0.89,0.84,0.48,,,,,,,,27.08,,,,,72.92
Tbilisi Precinct,15,2-15,526,38.56,,,,,4.19,,,,0,,,,0,0.95,0.76,0.53,,,,,,,,23.38,,,,,76.62
Tbilisi Precinct,16,2-16,450,36.06,,,,,3.43,,,,0,,,,0,0.66,0.67,0.59,,,,,,,,35.11,,,,,64.89
Tbilisi Precinct,17,2-17,578,39.97,,,,,4.62,,,,0,,,,0,0.92,0.91,0.62,,,,,,,,21.11,,,,,78.89
Tbilisi Precinct,18,2-18,498,39.78,,,,,4.78,,,,0,,,,0,0.89,0.72,0.52,,,,,,,,25.1,,,,,74.7
Tbilisi Precinct,19,2-19,261,36.66,,,,,3.69,,,,0,,,,0,0.58,0.33,0.18,,,,,,,,32.95,,,,,67.05
Tbilisi Precinct,20,2-20,161,43.63,,,,,1.83,,,,0,,,,0,0.29,0.22,0.16,,,,,,,,24.84,,,,,75.16
Tbilisi Precinct,23,2-23,571,39.6,,,,,3.22,,,,0,,,,0,0.98,0.78,0.66,,,,,,,,22.24,,,,,77.76
Tbilisi Precinct,24,2-24,629,42.94,,,,,3.23,,,,0,,,,0,1.34,0.67,0.71,,,,,,,,28.14,,,,,71.86
Tbilisi Precinct,25,2-25,534,39.15,,,,,3.78,,,,0,,,,0,0.88,0.81,0.55,,,,,,,,25.84,,,,,74.16
Tbilisi Precinct,26,2-26,353,41.38,,,,,4.59,,,,0,,,,0,0.67,0.49,0.36,,,,,,,,28.9,,,,,71.1
Tbilisi Precinct,27,2-27,482,38.04,,,,,4.93,,,,0,,,,0,0.7,0.79,0.57,,,,,,,,28.42,,,,,71.58
Tbilisi Precinct,28,2-28,536,39.65,,,,,3.25,,,,0,,,,0,0.8,0.79,0.69,,,,,,,,25.56,,,,,74.44
Tbilisi Precinct,29,2-29,487,37.75,,,,,3.75,,,,0,,,,0,0.78,0.78,0.48,,,,,,,,34.5,,,,,65.5
Tbilisi Precinct,30,2-30,446,34.95,,,,,4.29,,,,0,,,,0,0.69,0.7,0.5,,,,,,,,29.37,,,,,70.63
Tbilisi Precinct,31,2-31,415,37.25,,,,,3.71,,,,0,,,,0,0.64,0.59,0.57,,,,,,,,28.43,,,,,71.57
Tbilisi Precinct,32,2-32,316,36.11,,,,,5.11,,,,0,,,,0,0.47,0.46,0.45,,,,,,,,28.8,,,,,70.89
Tbilisi Precinct,33,2-33,439,40.69,,,,,2.23,,,,0,,,,0,0.75,0.65,0.41,,,,,,,,25.28,,,,,74.72
Tbilisi Precinct,34,2-34,494,38.96,,,,,3.14,,,,0,,,,0,0.92,0.65,0.53,,,,,,,,25.91,,,,,74.09
Tbilisi Precinct,35,2-35,364,31.79,,,,,5.21,,,,0,,,,0,0.66,0.58,0.29,,,,,,,,24.45,,,,,75.55
Tbilisi Precinct,36,2-36,476,37.57,,,,,4.23,,,,0,,,,0,0.83,0.67,0.54,,,,,,,,21.85,,,,,78.15
Tbilisi Precinct,37,2-37,475,37.14,,,,,3.65,,,,0,,,,0,0.99,0.6,0.41,,,,,,,,30.11,,,,,69.89
Tbilisi Precinct,38,2-38,467,34.01,,,,,3.91,,,,0,,,,0,0.73,0.69,0.57,,,,,,,,25.91,,,,,74.09
Tbilisi Precinct,39,2-39,448,32.87,,,,,3.66,,,,0,,,,0,0.75,0.62,0.56,,,,,,,,24.78,,,,,75.22
Tbilisi Precinct,40,2-40,379,36.62,,,,,3.81,,,,0,,,,0,0.6,0.54,0.48,,,,,,,,25.59,,,,,74.41
Tbilisi Precinct,41,2-41,305,37.47,,,,,3.48,,,,0,,,,0,0.54,0.4,0.37,,,,,,,,25.57,,,,,74.43
Tbilisi Precinct,42,2-42,497,37.03,,,,,3.68,,,,0,,,,0,0.79,0.71,0.64,,,,,,,,27.57,,,,,72.43
Tbilisi Precinct,43,2-43,507,36.16,,,,,3.8,,,,0,,,,0,1.04,0.49,0.72,,,,,,,,23.47,,,,,75.94
Tbilisi Precinct,44,2-44,501,39.17,,,,,3.09,,,,0,,,,0,0.87,0.66,0.62,,,,,,,,27.74,,,,,72.06
Tbilisi Precinct,45,2-45,505,36.07,,,,,7.0,,,,0,,,,0,0.8,0.77,0.66,,,,,,,,30.1,,,,,69.9
Tbilisi Precinct,46,2-46,472,40.94,,,,,5.6,,,,0,,,,0,0.88,0.57,0.66,,,,,,,,21.4,,,,,78.6
Tbilisi Precinct,47,2-47,445,34.85,,,,,3.89,,,,0,,,,0,0.86,0.55,0.51,,,,,,,,18.43,,,,,81.57
Tbilisi Precinct,48,2-48,511,35.68,,,,,1.92,,,,0,,,,0,0.86,0.69,0.59,,,,,,,,25.83,,,,,74.17
Tbilisi Precinct,49,2-49,518,37.43,,,,,3.36,,,,0,,,,0,0.71,0.88,0.56,,,,,,,,22.78,,,,,77.03
Tbilisi Precinct,50,2-50,558,37.22,,,,,4.12,,,,0,,,,0,0.74,0.88,0.78,,,,,,,,23.3,,,,,76.7
Tbilisi Precinct,51,2-51,541,39.93,,,,,2.52,,,,0,,,,0,0.69,0.89,0.69,,,,,,,,21.07,,,,,78.93
Tbilisi Precinct,52,2-52,493,43.06,,,,,3.71,,,,0,,,,0,0.81,0.79,0.46,,,,,,,,25.76,,,,,74.24
Tbilisi Precinct,53,2-53,425,30.53,,,,,2.75,,,,0,,,,0,0.65,0.54,0.65,,,,,,,,20.94,,,,,79.06
Tbilisi Precinct,54,2-54,428,40.76,,,,,3.82,,,,0,,,,0,0.82,0.6,0.38,,,,,,,,30.61,,,,,69.39
Tbilisi Precinct,55,2-55,485,34.97,,,,,3.19,,,,0,,,,0,0.73,0.74,0.58,,,,,,,,29.28,,,,,70.72
Tbilisi Precinct,56,2-56,354,29.82,,,,,0.84,,,,0,,,,0,0.63,0.4,0.48,,,,,,,,23.73,,,,,76.27
Tbilisi Precinct,57,2-57,411,35.31,,,,,4.2,,,,0,,,,0,0.76,0.54,0.48,,,,,,,,23.6,,,,,76.4
Tbilisi Precinct,58,2-58,469,36.41,,,,,2.09,,,,0,,,,0,0.93,0.51,0.58,,,,,,,,29.0,,,,,71.0
Tbilisi Precinct,59,2-59,510,36.72,,,,,3.59,,,,0,,,,0,0.88,0.69,0.61,,,,,,,,22.75,,,,,77.25
Tbilisi Precinct,60,2-60,617,41.58,,,,,3.74,,,,0,,,,0,1.0,0.94,0.67,,,,,,,,20.26,,,,,79.74
Tbilisi Precinct,61,2-61,526,39.22,,,,,3.49,,,,0,,,,0,0.97,0.72,0.53,,,,,,,,22.62,,,,,77.38
Tbilisi Precinct,62,2-62,423,35.4,,,,,5.79,,,,0,,,,0,0.8,0.58,0.46,,,,,,,,29.55,,,,,70.45
Tbilisi Precinct,63,2-63,432,36.95,,,,,3.36,,,,0,,,,0,0.8,0.56,0.49,,,,,,,,30.79,,,,,69.21
Tbilisi Precinct,64,2-64,488,37.57,,,,,4.13,,,,0,,,,0,0.88,0.55,0.74,,,,,,,,27.25,,,,,72.75
Tbilisi Precinct,65,2-65,210,30.43,,,,,2.78,,,,0,,,,0,0.42,0.29,0.16,,,,,,,,30.0,,,,,70.0
Tbilisi Precinct,66,2-66,477,39.52,,,,,3.25,,,,0,,,,0,0.85,0.65,0.52,,,,,,,,19.92,,,,,80.08
Tbilisi Precinct,67,2-67,426,42.81,,,,,2.74,,,,0,,,,0,0.65,0.57,0.61,,,,,,,,20.66,,,,,79.34
Tbilisi Precinct,68,2-68,542,43.57,,,,,1.63,,,,0,,,,0,1.04,0.77,0.39,,,,,,,,21.77,,,,,78.23
Tbilisi Precinct,69,2-69,522,50.53,,,,,2.06,,,,0,,,,0,1.07,0.58,0.56,,,,,,,,41.0,,,,,59.0
Tbilisi Precinct,70,2-70,385,40.96,,,,,2.78,,,,0,,,,0,0.64,0.47,0.56,,,,,,,,30.65,,,,,69.35
Tbilisi Precinct,71,2-71,448,31.05,,,,,3.03,,,,0,,,,0,0.59,0.7,0.61,,,,,,,,24.33,,,,,75.67
Tbilisi Precinct,72,2-72,334,39.34,,,,,3.75,,,,0,,,,0,0.54,0.44,0.47,,,,,,,,21.26,,,,,78.74
Tbilisi Precinct,73,2-73,380,38.15,,,,,2.56,,,,0,,,,0,0.84,0.44,0.32,,,,,,,,23.16,,,,,76.84
Tbilisi Precinct,74,2-74,324,37.85,,,,,3.57,,,,0,,,,0,0.6,0.45,0.31,,,,,,,,26.23,,,,,73.77
Tbilisi Precinct,75,2-75,327,36.7,,,,,2.97,,,,0,,,,0,0.57,0.36,0.5,,,,,,,,14.98,,,,,85.02
Tbilisi Precinct,76,2-76,439,36.98,,,,,4.15,,,,0,,,,0,0.64,0.63,0.64,,,,,,,,24.6,,,,,75.4
Tbilisi Precinct,78,2-78,377,34.75,,,,,2.08,,,,0,,,,0,0.61,0.55,0.41,,,,,,,,24.67,,,,,75.33
Tbilisi Precinct,79,2-79,251,26.7,,,,,8.73,,,,0,,,,0,0.48,0.36,0.29,,,,,,,,25.1,,,,,74.9
Tbilisi Precinct,80,2-80,413,41.51,,,,,4.18,,,,0,,,,0,0.66,0.62,0.48,,,,,,,,22.52,,,,,77.48
Tbilisi Precinct,1,3-1,551,34.9,,,,,3.5,,,,0,,,,0,0.89,0.84,0.59,,,,,,,,27.77,,,,,72.05
Tbilisi Precinct,2,3-2,540,39.94,,,,,3.05,,,,0,,,,0,0.88,0.86,0.49,,,,,,,,27.22,,,,,72.78
Tbilisi Precinct,3,3-3,509,40.85,,,,,5.04,,,,0,,,,0,0.91,0.71,0.58,,,,,,,,26.52,,,,,73.48
Tbilisi Precinct,4,3-4,482,32.52,,,,,3.21,,,,0,,,,0,0.94,0.69,0.37,,,,,,,,25.31,,,,,74.69
Tbilisi Precinct,5,3-5,548,35.68,,,,,4.2,,,,0,,,,0,0.98,0.76,0.6,,,,,,,,24.09,,,,,75.73
Tbilisi Precinct,6,3-6,420,34.57,,,,,3.67,,,,0,,,,0,0.7,0.54,0.58,,,,,,,,30.95,,,,,69.05
Tbilisi Precinct,7,3-7,576,39.08,,,,,2.7,,,,0,,,,0,0.91,0.86,0.64,,,,,,,,27.43,,,,,72.57
Tbilisi Precinct,8,3-8,485,31.39,,,,,3.0,,,,0,,,,0,0.92,0.6,0.55,,,,,,,,24.33,,,,,75.67
Tbilisi Precinct,9,3-9,630,41.86,,,,,4.26,,,,0,,,,0,1.1,0.9,0.69,,,,,,,,28.41,,,,,71.59
Tbilisi Precinct,10,3-10,546,39.57,,,,,2.67,,,,0,,,,0,0.9,0.89,0.43,,,,,,,,24.54,,,,,75.46
Tbilisi Precinct,11,3-11,494,37.2,,,,,3.14,,,,0,,,,0,0.78,0.72,0.59,,,,,,,,26.72,,,,,73.08
Tbilisi Precinct,12,3-12,541,34.31,,,,,2.87,,,,0,,,,0,0.74,0.8,0.78,,,,,,,,30.13,,,,,69.87
Tbilisi Precinct,13,3-13,538,35.8,,,,,4.27,,,,0,,,,0,0.93,0.8,0.56,,,,,,,,25.28,,,,,74.72
Tbilisi Precinct,14,3-14,604,41.17,,,,,3.82,,,,0,,,,0,1.04,0.91,0.58,,,,,,,,22.85,,,,,77.15
Tbilisi Precinct,15,3-15,508,36.18,,,,,1.55,,,,0,,,,0,0.81,0.77,0.5,,,,,,,,25.39,,,,,74.61
Tbilisi Precinct,16,3-16,525,34.07,,,,,3.49,,,,0,,,,0,0.8,0.76,0.68,,,,,,,,23.81,,,,,76.19
Tbilisi Precinct,17,3-17,457,36.24,,,,,4.59,,,,0,,,,0,0.78,0.73,0.42,,,,,,,,24.95,,,,,75.05
Tbilisi Precinct,18,3-18,578,40.0,,,,,4.3,,,,0,,,,0,1.1,0.76,0.62,,,,,,,,19.2,,,,,80.8
Tbilisi Precinct,19,3-19,534,41.2,,,,,4.64,,,,0,,,,0,0.97,0.72,0.62,,,,,,,,22.66,,,,,77.34
Tbilisi Precinct,20,3-20,446,33.74,,,,,3.25,,,,0,,,,0,0.72,0.63,0.55,,,,,,,,28.03,,,,,71.97
Tbilisi Precinct,21,3-21,438,36.11,,,,,3.74,,,,0,,,,0,0.73,0.63,0.5,,,,,,,,30.59,,,,,69.41
Tbilisi Precinct,22,3-22,420,32.71,,,,,4.33,,,,0,,,,0,0.71,0.63,0.44,,,,,,,,26.43,,,,,73.57
Tbilisi Precinct,23,3-23,487,32.1,,,,,2.01,,,,0,,,,0,0.79,0.67,0.59,,,,,,,,25.67,,,,,74.33
Tbilisi Precinct,24,3-24,526,32.13,,,,,5.57,,,,0,,,,0,1.02,0.59,0.75,,,,,,,,30.61,,,,,69.39
Tbilisi Precinct,25,3-25,419,31.39,,,,,4.77,,,,0,,,,0,0.74,0.56,0.53,,,,,,,,26.49,,,,,73.51
Tbilisi Precinct,26,3-26,421,36.8,,,,,4.1,,,,0,,,,0,0.63,0.67,0.48,,,,,,,,28.27,,,,,71.73
Tbilisi Precinct,27,3-27,493,34.6,,,,,3.33,,,,0,,,,0,0.83,0.72,0.53,,,,,,,,25.76,,,,,74.24
Tbilisi Precinct,28,3-28,516,39.45,,,,,3.55,,,,0,,,,0,0.85,0.68,0.69,,,,,,,,27.33,,,,,72.67
Tbilisi Precinct,29,3-29,506,37.59,,,,,3.62,,,,0,,,,0,0.92,0.68,0.56,,,,,,,,20.16,,,,,79.84
Tbilisi Precinct,30,3-30,418,33.76,,,,,4.13,,,,0,,,,0,0.7,0.63,0.43,,,,,,,,29.9,,,,,70.1
Tbilisi Precinct,31,3-31,510,35.56,,,,,6.08,,,,0,,,,0,0.92,0.71,0.61,,,,,,,,25.1,,,,,74.9
Tbilisi Precinct,32,3-32,549,39.35,,,,,2.49,,,,0,,,,0,0.93,0.72,0.68,,,,,,,,31.51,,,,,68.49
Tbilisi Precinct,33,3-33,445,31.43,,,,,2.2,,,,0,,,,0,0.98,0.48,0.42,,,,,,,,20.67,,,,,79.33
Tbilisi Precinct,34,3-34,554,44.68,,,,,2.81,,,,0,,,,0,1.19,0.62,0.54,,,,,,,,26.71,,,,,73.29
Tbilisi Precinct,35,3-35,425,26.66,,,,,4.06,,,,0,,,,0,0.81,0.52,0.51,,,,,,,,20.94,,,,,78.82
Tbilisi Precinct,36,3-36,541,38.56,,,,,3.22,,,,0,,,,0,0.94,0.72,0.66,,,,,,,,21.81,,,,,78.19
Tbilisi Precinct,37,3-37,549,38.74,,,,,4.19,,,,0,,,,0,1.08,0.65,0.66,,,,,,,,27.87,,,,,72.13
Tbilisi Precinct,38,3-38,456,34.18,,,,,2.36,,,,0,,,,0,0.75,0.62,0.56,,,,,,,,24.12,,,,,75.88
Tbilisi Precinct,39,3-39,424,35.84,,,,,4.07,,,,0,,,,0,0.7,0.62,0.49,,,,,,,,21.23,,,,,78.77
Tbilisi Precinct,40,3-40,548,39.17,,,,,3.86,,,,0,,,,0,1.03,0.68,0.67,,,,,,,,25.55,,,,,74.27
Tbilisi Precinct,41,3-41,364,31.06,,,,,4.96,,,,0,,,,0,0.7,0.42,0.5,,,,,,,,22.25,,,,,77.75
Tbilisi Precinct,42,3-42,419,31.65,,,,,4.34,,,,0,,,,0,0.74,0.58,0.49,,,,,,,,21.24,,,,,78.76
Tbilisi Precinct,43,3-43,419,33.17,,,,,3.46,,,,0,,,,0,0.57,0.69,0.49,,,,,,,,22.67,,,,,77.33
Tbilisi Precinct,44,3-44,485,34.35,,,,,3.0,,,,0,,,,0,0.68,0.7,0.7,,,,,,,,24.95,,,,,75.05
Tbilisi Precinct,45,3-45,458,43.0,,,,,2.76,,,,0,,,,0,0.87,0.64,0.39,,,,,,,,25.55,,,,,74.45
Tbilisi Precinct,46,3-46,343,31.38,,,,,3.11,,,,0,,,,0,0.62,0.46,0.37,,,,,,,,34.99,,,,,65.01
Tbilisi Precinct,47,3-47,529,37.17,,,,,3.11,,,,0,,,,0,0.86,0.73,0.67,,,,,,,,28.17,,,,,71.83
Tbilisi Precinct,48,3-48,549,34.38,,,,,2.31,,,,0,,,,0,0.94,0.68,0.74,,,,,,,,24.23,,,,,75.77
Tbilisi Precinct,49,3-49,471,32.48,,,,,3.68,,,,0,,,,0,0.96,0.49,0.62,,,,,,,,14.65,,,,,85.35
Tbilisi Precinct,50,3-50,483,37.56,,,,,4.17,,,,0,,,,0,0.94,0.6,0.54,,,,,,,,21.12,,,,,78.88
Tbilisi Precinct,51,3-51,513,35.9,,,,,4.11,,,,0,,,,0,0.94,0.61,0.71,,,,,,,,22.81,,,,,77.19
Tbilisi Precinct,52,3-52,413,30.75,,,,,5.06,,,,0,,,,0,0.79,0.52,0.5,,,,,,,,17.68,,,,,82.32
Tbilisi Precinct,53,3-53,497,34.16,,,,,3.31,,,,0,,,,0,1.04,0.5,0.64,,,,,,,,26.76,,,,,73.24
Tbilisi Precinct,54,3-54,563,42.43,,,,,2.26,,,,0,,,,0,0.95,0.79,0.62,,,,,,,,24.87,,,,,75.13
Tbilisi Precinct,55,3-55,444,28.43,,,,,1.77,,,,0,,,,0,0.48,0.77,0.59,,,,,,,,13.74,,,,,86.26
Tbilisi Precinct,56,3-56,460,28.99,,,,,1.5,,,,0,,,,0,0.92,0.53,0.49,,,,,,,,11.52,,,,,88.48
Tbilisi Precinct,57,3-57,481,32.99,,,,,3.61,,,,0,,,,0,0.94,0.58,0.55,,,,,,,,16.63,,,,,83.16
Tbilisi Precinct,58,3-58,385,26.08,,,,,2.28,,,,0,,,,0,0.64,0.5,0.5,,,,,,,,13.51,,,,,86.49
Tbilisi Precinct,59,3-59,558,34.11,,,,,3.46,,,,0,,,,0,1.11,0.66,0.63,,,,,,,,13.62,,,,,86.38
Tbilisi Precinct,60,3-60,292,20.72,,,,,13.61,,,,0,,,,0,0.53,0.53,0.28,,,,,,,,27.74,,,,,72.26
Tbilisi Precinct,61,3-61,494,34.67,,,,,3.52,,,,0,,,,0,0.79,0.75,0.54,,,,,,,,22.27,,,,,77.73
Tbilisi Precinct,62,3-62,527,38.3,,,,,5.22,,,,0,,,,0,0.98,0.72,0.58,,,,,,,,26.38,,,,,73.62
Tbilisi Precinct,63,3-63,518,35.92,,,,,4.07,,,,0,,,,0,0.88,0.66,0.73,,,,,,,,23.55,,,,,76.45
Tbilisi Precinct,64,3-64,534,40.49,,,,,4.47,,,,0,,,,0,1.13,0.61,0.58,,,,,,,,24.91,,,,,75.09
Tbilisi Precinct,65,3-65,428,31.94,,,,,4.46,,,,0,,,,0,0.65,0.7,0.46,,,,,,,,27.57,,,,,72.43
Tbilisi Precinct,66,3-66,458,34.1,,,,,2.97,,,,0,,,,0,0.81,0.57,0.6,,,,,,,,25.33,,,,,74.67
Tbilisi Precinct,67,3-67,341,32.23,,,,,3.13,,,,0,,,,0,0.55,0.51,0.37,,,,,,,,26.39,,,,,73.61
Tbilisi Precinct,68,3-68,314,19.97,,,,,4.56,,,,0,,,,0,0.57,0.44,0.33,,,,,,,,26.75,,,,,73.25
Tbilisi Precinct,69,3-69,549,38.02,,,,,3.51,,,,0,,,,0,0.92,0.87,0.48,,,,,,,,24.59,,,,,75.41
Tbilisi Precinct,70,3-70,426,30.21,,,,,4.05,,,,0,,,,0,0.82,0.57,0.43,,,,,,,,28.4,,,,,71.6
Tbilisi Precinct,71,3-71,479,42.62,,,,,3.62,,,,0,,,,0,0.9,0.66,0.47,,,,,,,,26.3,,,,,73.7
Tbilisi Precinct,72,3-72,504,38.41,,,,,2.7,,,,0,,,,0,0.83,0.68,0.63,,,,,,,,29.17,,,,,70.83
Tbilisi Precinct,73,3-73,525,37.91,,,,,4.02,,,,0,,,,0,0.98,0.71,0.55,,,,,,,,28.0,,,,,72.0
Tbilisi Precinct,74,3-74,450,31.73,,,,,4.66,,,,0,,,,0,0.98,0.43,0.6,,,,,,,,24.22,,,,,75.78
Tbilisi Precinct,75,3-75,435,33.28,,,,,3.55,,,,0,,,,0,0.96,0.41,0.54,,,,,,,,16.55,,,,,83.45
Tbilisi Precinct,76,3-76,443,31.87,,,,,5.14,,,,0,,,,0,0.88,0.58,0.47,,,,,,,,21.22,,,,,78.78
Tbilisi Precinct,77,3-77,480,30.3,,,,,3.03,,,,0,,,,0,0.74,0.64,0.69,,,,,,,,21.88,,,,,78.13
Tbilisi Precinct,78,3-78,495,36.03,,,,,5.17,,,,0,,,,0,0.92,0.63,0.63,,,,,,,,26.26,,,,,73.74
Tbilisi Precinct,79,3-79,570,38.33,,,,,4.36,,,,0,,,,0,0.92,0.8,0.74,,,,,,,,24.56,,,,,75.44
Tbilisi Precinct,80,3-80,504,32.71,,,,,1.75,,,,0,,,,0,0.96,0.66,0.47,,,,,,,,15.67,,,,,84.33
Tbilisi Precinct,81,3-81,380,31.2,,,,,2.56,,,,0,,,,0,0.73,0.38,0.56,,,,,,,,25.79,,,,,73.95
Tbilisi Precinct,83,3-83,606,43.32,,,,,3.81,,,,0,,,,0,1.02,0.96,0.53,,,,,,,,28.38,,,,,71.62
Tbilisi Precinct,84,3-84,386,29.56,,,,,2.77,,,,0,,,,0,0.61,0.57,0.43,,,,,,,,20.98,,,,,79.02
Tbilisi Precinct,85,3-85,445,34.9,,,,,2.63,,,,0,,,,0,0.74,0.58,0.58,,,,,,,,25.39,,,,,74.61
Tbilisi Precinct,87,3-87,424,30.18,,,,,2.53,,,,0,,,,0,1.0,0.41,0.41,,,,,,,,24.76,,,,,75.24
Tbilisi Precinct,1,4-1,591,38.38,,,,,5.74,,,,0,,,,0,0.9,0.87,0.83,,,,,,,,27.07,,,,,72.93
Tbilisi Precinct,2,4-2,430,31.78,,,,,2.93,,,,0,,,,0,0.68,0.56,0.62,,,,,,,,23.02,,,,,76.74
Tbilisi Precinct,3,4-3,412,28.39,,,,,2.83,,,,0,,,,0,0.71,0.58,0.44,,,,,,,,33.5,,,,,66.5
Tbilisi Precinct,4,4-4,406,30.39,,,,,4.25,,,,0,,,,0,0.69,0.56,0.51,,,,,,,,26.35,,,,,73.4
Tbilisi Precinct,5,4-5,316,25.38,,,,,6.23,,,,0,,,,0,0.48,0.47,0.46,,,,,,,,31.65,,,,,68.35
Tbilisi Precinct,6,4-6,422,31.59,,,,,3.21,,,,0,,,,0,0.64,0.64,0.5,,,,,,,,26.78,,,,,73.22
Tbilisi Precinct,7,4-7,406,31.84,,,,,2.64,,,,0,,,,0,0.78,0.48,0.48,,,,,,,,25.37,,,,,74.63
Tbilisi Precinct,8,4-8,392,30.13,,,,,3.45,,,,0,,,,0,0.75,0.53,0.37,,,,,,,,30.87,,,,,69.13
Tbilisi Precinct,9,4-9,263,26.62,,,,,2.59,,,,0,,,,0,0.48,0.33,0.31,,,,,,,,14.45,,,,,85.55
Tbilisi Precinct,10,4-10,425,33.97,,,,,2.75,,,,0,,,,0,0.71,0.64,0.42,,,,,,,,36.94,,,,,63.06
Tbilisi Precinct,11,4-11,311,31.64,,,,,2.81,,,,0,,,,0,0.66,0.35,0.31,,,,,,,,39.23,,,,,60.77
Tbilisi Precinct,12,4-12,510,34.18,,,,,1.92,,,,0,,,,0,0.65,0.86,0.59,,,,,,,,44.9,,,,,55.1
Tbilisi Precinct,13,4-13,455,31.08,,,,,2.36,,,,0,,,,0,0.77,0.54,0.66,,,,,,,,28.13,,,,,71.87
Tbilisi Precinct,14,4-14,663,41.83,,,,,1.92,,,,0,,,,0,1.31,0.85,0.58,,,,,,,,23.53,,,,,76.47
Tbilisi Precinct,15,4-15,502,36.25,,,,,2.33,,,,0,,,,0,0.8,0.67,0.67,,,,,,,,25.7,,,,,74.3
Tbilisi Precinct,16,4-16,550,40.5,,,,,3.85,,,,0,,,,0,0.92,0.57,1.01,,,,,,,,25.82,,,,,74.36
Tbilisi Precinct,17,4-17,480,35.01,,,,,4.38,,,,0,,,,0,0.91,0.65,0.49,,,,,,,,32.08,,,,,67.92
Tbilisi Precinct,18,4-18,425,37.74,,,,,3.41,,,,0,,,,0,0.73,0.56,0.53,,,,,,,,35.29,,,,,64.71
Tbilisi Precinct,19,4-19,507,39.8,,,,,1.74,,,,0,,,,0,0.89,0.61,0.66,,,,,,,,33.92,,,,,66.08
Tbilisi Precinct,20,4-20,383,31.73,,,,,3.28,,,,0,,,,0,0.77,0.46,0.4,,,,,,,,32.38,,,,,67.62
Tbilisi Precinct,21,4-21,443,37.13,,,,,3.06,,,,0,,,,0,0.8,0.57,0.51,,,,,,,,39.5,,,,,60.5
Tbilisi Precinct,22,4-22,306,31.94,,,,,2.55,,,,0,,,,0,0.58,0.39,0.31,,,,,,,,33.99,,,,,66.01
Tbilisi Precinct,23,4-23,484,34.92,,,,,2.62,,,,0,,,,0,0.98,0.53,0.57,,,,,,,,26.03,,,,,73.97
Tbilisi Precinct,24,4-24,224,17.24,,,,,2.61,,,,0,,,,0,0.46,0.23,0.28,,,,,,,,37.5,,,,,62.5
Tbilisi Precinct,25,4-25,390,30.09,,,,,2.26,,,,0,,,,0,0.8,0.38,0.52,,,,,,,,34.1,,,,,65.9
Tbilisi Precinct,26,4-26,428,34.6,,,,,3.6,,,,0,,,,0,0.98,0.47,0.38,,,,,,,,31.54,,,,,68.46
Tbilisi Precinct,27,4-27,441,33.54,,,,,1.34,,,,0,,,,0,0.95,0.39,0.57,,,,,,,,29.93,,,,,70.07
Tbilisi Precinct,28,4-28,546,39.74,,,,,4.38,,,,0,,,,0,1.02,0.73,0.59,,,,,,,,20.15,,,,,79.85
Tbilisi Precinct,29,4-29,453,33.73,,,,,1.52,,,,0,,,,0,0.88,0.56,0.45,,,,,,,,24.5,,,,,75.5
Tbilisi Precinct,30,4-30,432,31.37,,,,,4.42,,,,0,,,,0,0.85,0.52,0.51,,,,,,,,31.94,,,,,68.06
Tbilisi Precinct,31,4-31,302,24.41,,,,,1.31,,,,0,,,,0,0.57,0.34,0.37,,,,,,,,33.11,,,,,66.89
Tbilisi Precinct,32,4-32,381,41.59,,,,,3.05,,,,0,,,,0,0.63,0.53,0.46,,,,,,,,37.27,,,,,62.73
Tbilisi Precinct,33,4-33,,,,,,,,,,,0,,,,0,,,,,,,,,,,,,,,,
Tbilisi Precinct,1,5-1,350,25.77,,,,,0.57,,,,0,,,,0,0.74,0.34,0.4,,,,,,,,24.86,,,,,75.14
Tbilisi Precinct,2,5-2,503,31.18,,,,,4.37,,,,0,,,,0,0.8,0.73,0.64,,,,,,,,34.79,,,,,65.21
Tbilisi Precinct,3,5-3,329,22.66,,,,,3.8,,,,0,,,,0,0.61,0.39,0.44,,,,,,,,48.94,,,,,51.06
Tbilisi Precinct,4,5-4,364,25.63,,,,,3.19,,,,0,,,,0,0.6,0.54,0.39,,,,,,,,28.02,,,,,71.98
Tbilisi Precinct,5,5-5,420,29.35,,,,,1.41,,,,0,,,,0,0.74,0.5,0.54,,,,,,,,35.48,,,,,64.52
Tbilisi Precinct,6,5-6,373,25.07,,,,,3.37,,,,0,,,,0,0.76,0.47,0.34,,,,,,,,29.49,,,,,70.51
Tbilisi Precinct,7,5-7,447,28.27,,,,,2.61,,,,0,,,,0,0.7,0.54,0.72,,,,,,,,43.4,,,,,56.6
Tbilisi Precinct,8,5-8,422,30.08,,,,,2.77,,,,0,,,,0,0.73,0.49,0.62,,,,,,,,33.18,,,,,66.82
Tbilisi Precinct,9,5-9,377,28.2,,,,,2.58,,,,0,,,,0,0.62,0.57,0.37,,,,,,,,28.38,,,,,71.35
Tbilisi Precinct,10,5-10,435,32.29,,,,,3.12,,,,0,,,,0,0.7,0.6,0.56,,,,,,,,35.17,,,,,64.83
Tbilisi Precinct,11,5-11,485,33.26,,,,,2.41,,,,0,,,,0,0.88,0.64,0.51,,,,,,,,40.41,,,,,59.59
Tbilisi Precinct,12,5-12,449,28.93,,,,,3.65,,,,0,,,,0,0.78,0.56,0.61,,,,,,,,33.18,,,,,66.82
Tbilisi Precinct,13,5-13,479,30.69,,,,,4.2,,,,0,,,,0,0.8,0.64,0.64,,,,,,,,34.66,,,,,65.34
Tbilisi Precinct,14,5-14,399,30.69,,,,,3.62,,,,0,,,,0,0.77,0.53,0.39,,,,,,,,37.84,,,,,62.16
Tbilisi Precinct,15,5-15,359,26.91,,,,,1.64,,,,0,,,,0,0.67,0.46,0.37,,,,,,,,39.0,,,,,61.0
Tbilisi Precinct,16,5-16,395,31.45,,,,,3.19,,,,0,,,,0,0.64,0.53,0.52,,,,,,,,25.82,,,,,73.92
Tbilisi Precinct,17,5-17,373,27.84,,,,,2.86,,,,0,,,,0,0.67,0.53,0.35,,,,,,,,23.32,,,,,76.68
Tbilisi Precinct,18,5-18,417,30.77,,,,,4.14,,,,0,,,,0,0.77,0.56,0.47,,,,,,,,34.77,,,,,65.23
Tbilisi Precinct,19,5-19,470,34.87,,,,,2.29,,,,0,,,,0,0.77,0.64,0.58,,,,,,,,31.7,,,,,68.3
Tbilisi Precinct,20,5-20,391,31.13,,,,,3.69,,,,0,,,,0,0.65,0.55,0.48,,,,,,,,34.27,,,,,65.73
Tbilisi Precinct,21,5-21,421,28.12,,,,,3.22,,,,0,,,,0,0.67,0.59,0.54,,,,,,,,28.74,,,,,71.26
Tbilisi Precinct,22,5-22,522,36.48,,,,,5.61,,,,0,,,,0,1.02,0.69,0.56,,,,,,,,26.82,,,,,73.18
Tbilisi Precinct,23,5-23,337,25.9,,,,,2.88,,,,0,,,,0,0.57,0.49,0.34,,,,,,,,27.6,,,,,72.4
Tbilisi Precinct,24,5-24,464,34.27,,,,,3.13,,,,0,,,,0,0.82,0.68,0.43,,,,,,,,30.6,,,,,69.4
Tbilisi Precinct,25,5-25,505,34.4,,,,,3.81,,,,0,,,,0,0.98,0.66,0.52,,,,,,,,40.59,,,,,59.41
Tbilisi Precinct,26,5-26,389,28.05,,,,,2.75,,,,0,,,,0,0.65,0.57,0.41,,,,,,,,30.85,,,,,69.15
Tbilisi Precinct,27,5-27,460,30.46,,,,,1.5,,,,0,,,,0,0.9,0.57,0.45,,,,,,,,24.57,,,,,75.43
Tbilisi Precinct,28,5-28,408,27.24,,,,,1.69,,,,0,,,,0,0.73,0.49,0.52,,,,,,,,32.35,,,,,67.65
Tbilisi Precinct,29,5-29,377,25.73,,,,,2.33,,,,0,,,,0,0.77,0.46,0.36,,,,,,,,17.77,,,,,82.23
Tbilisi Precinct,30,5-30,379,28.82,,,,,3.56,,,,0,,,,0,0.77,0.45,0.41,,,,,,,,35.09,,,,,64.91
Tbilisi Precinct,31,5-31,496,31.86,,,,,2.55,,,,0,,,,0,0.9,0.51,0.78,,,,,,,,23.99,,,,,76.01
Tbilisi Precinct,32,5-32,352,21.39,,,,,0.28,,,,0,,,,0,0.71,0.35,0.43,,,,,,,,39.77,,,,,60.23
Tbilisi Precinct,33,5-33,380,27.72,,,,,4.04,,,,0,,,,0,0.72,0.54,0.34,,,,,,,,27.37,,,,,72.63
Tbilisi Precinct,34,5-34,472,36.56,,,,,3.08,,,,0,,,,0,0.72,0.63,0.69,,,,,,,,24.58,,,,,75.42
Tbilisi Precinct,35,5-35,463,29.72,,,,,2.11,,,,0,,,,0,0.94,0.42,0.68,,,,,,,,29.59,,,,,70.41
Tbilisi Precinct,36,5-36,535,38.91,,,,,2.73,,,,0,,,,0,0.85,0.65,0.83,,,,,,,,30.84,,,,,69.16
Tbilisi Precinct,37,5-37,410,30.28,,,,,2.61,,,,0,,,,0,0.83,0.43,0.51,,,,,,,,26.1,,,,,73.9
Tbilisi Precinct,38,5-38,642,38.6,,,,,2.87,,,,0,,,,0,1.09,0.86,0.78,,,,,,,,45.02,,,,,54.98
Tbilisi Precinct,39,5-39,394,28.41,,,,,2.96,,,,0,,,,0,0.8,0.4,0.53,,,,,,,,27.16,,,,,72.84
Tbilisi Precinct,40,5-40,389,25.36,,,,,1.52,,,,0,,,,0,0.41,0.71,0.46,,,,,,,,30.08,,,,,69.92
Tbilisi Precinct,41,5-41,319,21.85,,,,,3.04,,,,0,,,,0,0.57,0.41,0.38,,,,,,,,31.03,,,,,68.97
Tbilisi Precinct,42,5-42,432,27.85,,,,,2.26,,,,0,,,,0,0.82,0.54,0.47,,,,,,,,39.12,,,,,60.88
Tbilisi Precinct,43,5-43,305,20.79,,,,,2.87,,,,0,,,,0,0.63,0.37,0.3,,,,,,,,29.51,,,,,70.49
Tbilisi Precinct,44,5-44,312,21.02,,,,,1.58,,,,0,,,,0,0.64,0.35,0.32,,,,,,,,30.13,,,,,69.87
Tbilisi Precinct,45,5-45,260,17.97,,,,,2.62,,,,0,,,,0,0.55,0.28,0.28,,,,,,,,23.08,,,,,76.92
Tbilisi Precinct,46,5-46,446,28.34,,,,,1.76,,,,0,,,,0,0.76,0.55,0.59,,,,,,,,24.22,,,,,75.78
Tbilisi Precinct,47,5-47,443,31.85,,,,,2.85,,,,0,,,,0,0.84,0.58,0.45,,,,,,,,30.47,,,,,69.3
Tbilisi Precinct,48,5-48,364,30.64,,,,,4.46,,,,0,,,,0,0.81,0.4,0.37,,,,,,,,23.08,,,,,76.92
Tbilisi Precinct,49,5-49,287,23.56,,,,,3.69,,,,0,,,,0,0.65,0.34,0.23,,,,,,,,26.48,,,,,73.52
Tbilisi Precinct,50,5-50,260,23.55,,,,,1.89,,,,0,,,,0,0.55,0.27,0.29,,,,,,,,36.54,,,,,63.46
Tbilisi Precinct,51,5-51,372,24.54,,,,,4.86,,,,0,,,,0,0.65,0.51,0.47,,,,,,,,29.57,,,,,70.43
Tbilisi Precinct,52,5-52,502,30.22,,,,,2.9,,,,0,,,,0,0.91,0.74,0.42,,,,,,,,33.86,,,,,66.14
Tbilisi Precinct,53,5-53,359,24.54,,,,,3.75,,,,0,,,,0,0.7,0.46,0.38,,,,,,,,37.33,,,,,62.67
Tbilisi Precinct,54,5-54,416,33.39,,,,,4.37,,,,0,,,,0,0.86,0.45,0.52,,,,,,,,26.44,,,,,73.56
Tbilisi Precinct,55,5-55,426,32.57,,,,,5.33,,,,0,,,,0,0.87,0.57,0.4,,,,,,,,30.52,,,,,69.48
Tbilisi Precinct,56,5-56,365,27.97,,,,,4.2,,,,0,,,,0,0.73,0.46,0.37,,,,,,,,22.74,,,,,77.26
Tbilisi Precinct,57,5-57,368,31.08,,,,,2.39,,,,0,,,,0,0.83,0.37,0.38,,,,,,,,37.5,,,,,62.5
Tbilisi Precinct,58,5-58,387,30.45,,,,,2.03,,,,0,,,,0,0.77,0.43,0.44,,,,,,,,35.4,,,,,64.6
Tbilisi Precinct,59,5-59,398,29.99,,,,,2.93,,,,0,,,,0,0.85,0.46,0.38,,,,,,,,35.18,,,,,64.82
Tbilisi Precinct,60,5-60,408,32.64,,,,,3.55,,,,0,,,,0,0.77,0.5,0.5,,,,,,,,30.15,,,,,69.85
Tbilisi Precinct,61,5-61,384,31.12,,,,,2.04,,,,0,,,,0,0.75,0.47,0.39,,,,,,,,34.64,,,,,65.36
Tbilisi Precinct,62,5-62,380,29.43,,,,,3.06,,,,0,,,,0,0.75,0.71,0.0,,,,,,,,29.47,,,,,70.53
Tbilisi Precinct,63,5-63,466,35.25,,,,,4.12,,,,0,,,,0,0.95,0.52,0.56,,,,,,,,32.4,,,,,67.6
Tbilisi Precinct,64,5-64,408,31.07,,,,,3.09,,,,0,,,,0,0.73,0.54,0.47,,,,,,,,25.74,,,,,74.26
Tbilisi Precinct,65,5-65,314,25.34,,,,,3.09,,,,0,,,,0,0.63,0.31,0.44,,,,,,,,34.08,,,,,65.92
Tbilisi Precinct,66,5-66,297,24.32,,,,,1.66,,,,0,,,,0,0.51,0.48,0.21,,,,,,,,29.97,,,,,70.03
Tbilisi Precinct,67,5-67,368,28.11,,,,,3.66,,,,0,,,,0,0.79,0.34,0.5,,,,,,,,32.88,,,,,67.12
Tbilisi Precinct,68,5-68,450,35.41,,,,,3.64,,,,0,,,,0,0.87,0.45,0.69,,,,,,,,32.22,,,,,67.78
Tbilisi Precinct,69,5-69,381,31.78,,,,,5.22,,,,0,,,,0,0.73,0.52,0.39,,,,,,,,30.18,,,,,69.82
Tbilisi Precinct,70,5-70,352,26.63,,,,,2.76,,,,0,,,,0,0.68,0.38,0.47,,,,,,,,25.28,,,,,74.72
Tbilisi Precinct,71,5-71,367,30.66,,,,,2.65,,,,0,,,,0,0.67,0.4,0.54,,,,,,,,31.61,,,,,68.39
Tbilisi Precinct,72,5-72,303,25.42,,,,,5.61,,,,0,,,,0,0.59,0.42,0.29,,,,,,,,33.0,,,,,67.0
Tbilisi Precinct,73,5-73,313,26.94,,,,,3.1,,,,0,,,,0,0.66,0.38,0.28,,,,,,,,34.19,,,,,65.81
Tbilisi Precinct,74,5-74,368,27.88,,,,,2.39,,,,0,,,,0,0.77,0.43,0.34,,,,,,,,23.1,,,,,76.9
Tbilisi Precinct,75,5-75,356,28.78,,,,,2.73,,,,0,,,,0,0.71,0.41,0.39,,,,,,,,23.31,,,,,76.69
Tbilisi Precinct,76,5-76,437,35.1,,,,,2.24,,,,0,,,,0,0.85,0.57,0.41,,,,,,,,40.05,,,,,59.95
Tbilisi Precinct,1,6-1,312,25.74,,,,,3.7,,,,0,,,,0,0.55,0.44,0.34,,,,,,,,33.65,,,,,66.35
Tbilisi Precinct,2,6-2,375,34.44,,,,,3.6,,,,0,,,,0,0.77,0.44,0.39,,,,,,,,28.27,,,,,71.73
Tbilisi Precinct,3,6-3,406,32.25,,,,,2.87,,,,0,,,,0,0.84,0.5,0.37,,,,,,,,27.59,,,,,72.41
Tbilisi Precinct,4,6-4,283,29.85,,,,,3.74,,,,0,,,,0,0.65,0.27,0.32,,,,,,,,31.1,,,,,68.9
Tbilisi Precinct,5,6-5,353,34.85,,,,,3.02,,,,0,,,,0,0.8,0.42,0.26,,,,,,,,25.21,,,,,74.79
Tbilisi Precinct,6,6-6,389,34.95,,,,,2.99,,,,0,,,,0,0.79,0.46,0.41,,,,,,,,31.36,,,,,68.64
Tbilisi Precinct,7,6-7,305,34.31,,,,,2.87,,,,0,,,,0,0.71,0.32,0.26,,,,,,,,22.95,,,,,77.05
Tbilisi Precinct,8,6-8,392,33.65,,,,,2.97,,,,0,,,,0,0.8,0.46,0.4,,,,,,,,30.61,,,,,69.39
Tbilisi Precinct,9,6-9,383,30.16,,,,,4.96,,,,0,,,,0,0.8,0.47,0.39,,,,,,,,19.84,,,,,80.16
Tbilisi Precinct,10,6-10,360,36.55,,,,,2.97,,,,0,,,,0,0.66,0.47,0.39,,,,,,,,26.39,,,,,73.61
Tbilisi Precinct,11,6-11,296,31.76,,,,,3.58,,,,0,,,,0,0.63,0.3,0.37,,,,,,,,26.01,,,,,73.99
Tbilisi Precinct,12,6-12,354,30.0,,,,,3.01,,,,0,,,,0,0.75,0.41,0.34,,,,,,,,21.47,,,,,78.53
Tbilisi Precinct,13,6-13,397,33.25,,,,,3.41,,,,0,,,,0,0.89,0.36,0.49,,,,,,,,33.0,,,,,67.0
Tbilisi Precinct,14,6-14,348,31.3,,,,,3.87,,,,0,,,,0,0.74,0.41,0.34,,,,,,,,30.75,,,,,68.97
Tbilisi Precinct,15,6-15,352,31.43,,,,,4.09,,,,0,,,,0,0.66,0.43,0.44,,,,,,,,27.84,,,,,72.16
Tbilisi Precinct,16,6-16,447,33.58,,,,,4.89,,,,0,,,,0,0.84,0.54,0.6,,,,,,,,19.91,,,,,80.09
Tbilisi Precinct,17,6-17,380,29.25,,,,,3.55,,,,0,,,,0,0.77,0.41,0.48,,,,,,,,32.11,,,,,67.89
Tbilisi Precinct,18,6-18,313,26.48,,,,,4.57,,,,0,,,,0,0.65,0.36,0.35,,,,,,,,31.63,,,,,67.73
Tbilisi Precinct,19,6-19,306,25.91,,,,,3.16,,,,0,,,,0,0.6,0.36,0.34,,,,,,,,32.03,,,,,67.97
Tbilisi Precinct,20,6-20,453,36.15,,,,,4.03,,,,0,,,,0,0.87,0.59,0.48,,,,,,,,23.4,,,,,76.6
Tbilisi Precinct,21,6-21,294,22.92,,,,,5.47,,,,0,,,,0,0.57,0.35,0.39,,,,,,,,27.55,,,,,72.45
Tbilisi Precinct,22,6-22,396,30.56,,,,,4.12,,,,0,,,,0,0.82,0.44,0.48,,,,,,,,30.05,,,,,69.95
Tbilisi Precinct,23,6-23,319,29.48,,,,,4.49,,,,0,,,,0,0.58,0.34,0.52,,,,,,,,37.62,,,,,62.38
Tbilisi Precinct,24,6-24,351,31.48,,,,,3.04,,,,0,,,,0,0.6,0.4,0.53,,,,,,,,30.77,,,,,69.23
Tbilisi Precinct,25,6-25,325,30.66,,,,,2.4,,,,0,,,,0,0.61,0.42,0.34,,,,,,,,31.08,,,,,68.92
Tbilisi Precinct,26,6-26,381,29.65,,,,,3.3,,,,0,,,,0,0.75,0.43,0.48,,,,,,,,32.81,,,,,67.19
Tbilisi Precinct,27,6-27,396,30.75,,,,,2.22,,,,0,,,,0,0.75,0.47,0.46,,,,,,,,28.03,,,,,71.97
Tbilisi Precinct,28,6-28,331,26.93,,,,,5.16,,,,0,,,,0,0.68,0.38,0.39,,,,,,,,35.05,,,,,64.95
Tbilisi Precinct,29,6-29,326,29.5,,,,,3.26,,,,0,,,,0,0.69,0.34,0.39,,,,,,,,26.69,,,,,73.31
Tbilisi Precinct,30,6-30,306,23.13,,,,,2.24,,,,0,,,,0,0.62,0.4,0.25,,,,,,,,27.12,,,,,72.88
Tbilisi Precinct,31,6-31,310,23.03,,,,,3.43,,,,0,,,,0,0.65,0.35,0.33,,,,,,,,24.19,,,,,75.81
Tbilisi Precinct,32,6-32,321,27.96,,,,,2.13,,,,0,,,,0,0.58,0.38,0.41,,,,,,,,29.6,,,,,70.41
Tbilisi Precinct,33,6-33,289,30.29,,,,,3.02,,,,0,,,,0,0.48,0.39,0.36,,,,,,,,31.14,,,,,68.86
Tbilisi Precinct,34,6-34,254,26.05,,,,,3.05,,,,0,,,,0,0.46,0.3,0.34,,,,,,,,27.56,,,,,72.44
Tbilisi Precinct,35,6-35,265,25.17,,,,,2.21,,,,0,,,,0,0.54,0.28,0.32,,,,,,,,28.68,,,,,71.32
Tbilisi Precinct,36,6-36,281,25.9,,,,,3.77,,,,0,,,,0,0.51,0.37,0.33,,,,,,,,28.11,,,,,71.89
Tbilisi Precinct,37,6-37,230,22.46,,,,,4.17,,,,0,,,,0,0.52,0.26,0.21,,,,,,,,32.17,,,,,67.83
Tbilisi Precinct,38,6-38,383,26.07,,,,,4.25,,,,0,,,,0,0.71,0.45,0.53,,,,,,,,25.85,,,,,74.15
Tbilisi Precinct,39,6-39,428,37.94,,,,,4.04,,,,0,,,,0,0.84,0.48,0.56,,,,,,,,27.1,,,,,72.9
Tbilisi Precinct,40,6-40,314,33.02,,,,,5.14,,,,0,,,,0,0.63,0.4,0.34,,,,,,,,30.57,,,,,69.43
Tbilisi Precinct,41,6-41,263,19.91,,,,,2.95,,,,0,,,,0,0.5,0.32,0.31,,,,,,,,39.54,,,,,60.46
Tbilisi Precinct,42,6-42,415,30.03,,,,,2.12,,,,0,,,,0,0.84,0.4,0.58,,,,,,,,25.78,,,,,74.22
Tbilisi Precinct,43,6-43,341,31.93,,,,,3.4,,,,0,,,,0,0.73,0.42,0.3,,,,,,,,35.19,,,,,64.81
Tbilisi Precinct,44,6-44,329,28.36,,,,,2.95,,,,0,,,,0,0.74,0.31,0.38,,,,,,,,28.88,,,,,71.12
Tbilisi Precinct,45,6-45,327,36.09,,,,,2.39,,,,0,,,,0,0.75,0.3,0.36,,,,,,,,31.19,,,,,68.81
Tbilisi Precinct,46,6-46,325,26.27,,,,,2.4,,,,0,,,,0,0.64,0.4,0.33,,,,,,,,26.77,,,,,73.23
Tbilisi Precinct,47,6-47,355,27.63,,,,,3.27,,,,0,,,,0,0.72,0.42,0.38,,,,,,,,38.87,,,,,61.13
Tbilisi Precinct,48,6-48,256,24.88,,,,,1.54,,,,0,,,,0,0.47,0.26,0.39,,,,,,,,18.75,,,,,81.25
Tbilisi Precinct,49,6-49,362,28.68,,,,,3.21,,,,0,,,,0,0.65,0.48,0.41,,,,,,,,28.73,,,,,71.27
Tbilisi Precinct,50,6-50,306,23.38,,,,,1.92,,,,0,,,,0,0.58,0.34,0.38,,,,,,,,27.12,,,,,72.88
Tbilisi Precinct,51,6-51,323,26.09,,,,,3.87,,,,0,,,,0,0.6,0.38,0.43,,,,,,,,25.08,,,,,74.92
Tbilisi Precinct,52,6-52,341,23.53,,,,,3.13,,,,0,,,,0,0.7,0.4,0.36,,,,,,,,35.48,,,,,64.52
Tbilisi Precinct,53,6-53,306,27.74,,,,,4.08,,,,0,,,,0,0.58,0.39,0.34,,,,,,,,37.25,,,,,62.75
Tbilisi Precinct,54,6-54,300,26.39,,,,,1.96,,,,0,,,,0,0.58,0.34,0.36,,,,,,,,39.0,,,,,61.0
Tbilisi Precinct,55,6-55,262,23.41,,,,,3.68,,,,0,,,,0,0.58,0.3,0.23,,,,,,,,30.53,,,,,69.47
Tbilisi Precinct,56,6-56,291,23.6,,,,,2.35,,,,0,,,,0,0.56,0.32,0.38,,,,,,,,30.24,,,,,69.76
Tbilisi Precinct,57,6-57,373,26.89,,,,,3.87,,,,0,,,,0,0.71,0.42,0.51,,,,,,,,27.61,,,,,72.39
Tbilisi Precinct,58,6-58,277,24.84,,,,,6.1,,,,0,,,,0,0.61,0.32,0.29,,,,,,,,25.99,,,,,74.01
Tbilisi Precinct,59,6-59,407,30.17,,,,,2.63,,,,0,,,,0,0.84,0.44,0.47,,,,,,,,31.45,,,,,68.55
Tbilisi Precinct,60,6-60,433,32.46,,,,,4.63,,,,0,,,,0,0.84,0.57,0.46,,,,,,,,27.25,,,,,72.75
Tbilisi Precinct,61,6-61,506,34.07,,,,,3.8,,,,0,,,,0,1.03,0.51,0.7,,,,,,,,23.72,,,,,76.28
Tbilisi Precinct,62,6-62,371,26.77,,,,,2.88,,,,0,,,,0,0.7,0.4,0.53,,,,,,,,29.92,,,,,69.81
Tbilisi Precinct,63,6-63,280,27.67,,,,,1.41,,,,0,,,,0,0.57,0.23,0.44,,,,,,,,21.79,,,,,78.21
Tbilisi Precinct,64,6-64,265,26.21,,,,,1.85,,,,0,,,,0,0.49,0.36,0.24,,,,,,,,25.66,,,,,74.34
Tbilisi Precinct,65,6-65,245,26.37,,,,,3.92,,,,0,,,,0,0.48,0.29,0.29,,,,,,,,25.31,,,,,74.69
Tbilisi Precinct,66,6-66,320,30.05,,,,,2.14,,,,0,,,,0,0.68,0.33,0.37,,,,,,,,23.75,,,,,76.25
Tbilisi Precinct,67,6-67,370,31.09,,,,,3.39,,,,0,,,,0,0.83,0.33,0.46,,,,,,,,20.54,,,,,79.46
Tbilisi Precinct,68,6-68,301,27.41,,,,,4.44,,,,0,,,,0,0.6,0.34,0.39,,,,,,,,22.26,,,,,77.74
Tbilisi Precinct,69,6-69,352,26.95,,,,,1.68,,,,0,,,,0,0.76,0.35,0.39,,,,,,,,20.45,,,,,79.55
Tbilisi Precinct,70,6-70,367,25.03,,,,,3.42,,,,0,,,,0,0.75,0.44,0.38,,,,,,,,22.62,,,,,77.38
Tbilisi Precinct,71,6-71,259,33.08,,,,,2.26,,,,0,,,,0,0.53,0.29,0.29,,,,,,,,30.5,,,,,69.5
Tbilisi Precinct,72,6-72,281,25.59,,,,,2.09,,,,0,,,,0,0.64,0.26,0.32,,,,,,,,27.05,,,,,72.95
Tbilisi Precinct,73,6-73,310,22.61,,,,,1.27,,,,0,,,,0,0.49,0.38,0.47,,,,,,,,26.45,,,,,73.55
Tbilisi Precinct,74,6-74,357,33.43,,,,,1.38,,,,0,,,,0,0.68,0.37,0.48,,,,,,,,22.69,,,,,77.31
Tbilisi Precinct,75,6-75,348,29.29,,,,,2.25,,,,0,,,,0,0.63,0.42,0.44,,,,,,,,23.28,,,,,76.72
Tbilisi Precinct,76,6-76,188,38.29,,,,,1.05,,,,0,,,,0,0.32,0.24,0.23,,,,,,,,16.49,,,,,83.51
Tbilisi Precinct,77,6-77,449,39.52,,,,,1.97,,,,0,,,,0,1.02,0.44,0.45,,,,,,,,16.04,,,,,83.96
Tbilisi Precinct,78,6-78,460,37.4,,,,,2.95,,,,0,,,,0,1.05,0.47,0.45,,,,,,,,21.74,,,,,78.26
Tbilisi Precinct,79,6-79,498,44.7,,,,,2.35,,,,0,,,,0,0.85,0.61,0.69,,,,,,,,19.68,,,,,80.32
Tbilisi Precinct,80,6-80,368,36.04,,,,,1.34,,,,0,,,,0,0.64,0.53,0.33,,,,,,,,25.82,,,,,74.18
Tbilisi Precinct,81,6-81,329,35.41,,,,,2.37,,,,0,,,,0,0.63,0.34,0.47,,,,,,,,21.28,,,,,79.03
Tbilisi Precinct,82,6-82,423,29.09,,,,,2.98,,,,0,,,,0,0.87,0.46,0.5,,,,,,,,28.61,,,,,71.39
Tbilisi Precinct,83,6-83,295,24.87,,,,,3.28,,,,0,,,,0,0.61,0.29,0.39,,,,,,,,22.03,,,,,77.97
Tbilisi Precinct,84,6-84,343,24.68,,,,,2.56,,,,0,,,,0,0.69,0.44,0.31,,,,,,,,23.03,,,,,76.97
Tbilisi Precinct,85,6-85,335,28.56,,,,,5.63,,,,0,,,,0,0.8,0.34,0.34,,,,,,,,25.67,,,,,74.33
Tbilisi Precinct,86,6-86,375,27.45,,,,,2.09,,,,0,,,,0,0.68,0.48,0.43,,,,,,,,26.67,,,,,73.33
Tbilisi Precinct,87,6-87,288,24.94,,,,,4.95,,,,0,,,,0,0.67,0.32,0.26,,,,,,,,29.86,,,,,70.14
Tbilisi Precinct,88,6-88,479,34.56,,,,,4.58,,,,0,,,,0,1.18,0.49,0.41,,,,,,,,27.56,,,,,72.44
Tbilisi Precinct,89,6-89,319,24.82,,,,,2.15,,,,0,,,,0,0.58,0.38,0.4,,,,,,,,25.71,,,,,74.29
Tbilisi Precinct,90,6-90,352,28.55,,,,,3.56,,,,0,,,,0,0.82,0.35,0.35,,,,,,,,26.14,,,,,73.86
Tbilisi Precinct,91,6-91,397,30.33,,,,,2.7,,,,0,,,,0,0.68,0.54,0.47,,,,,,,,23.68,,,,,76.07
Tbilisi Precinct,92,6-92,275,23.67,,,,,6.14,,,,0,,,,0,0.68,0.28,0.26,,,,,,,,19.64,,,,,80.36
Tbilisi Precinct,93,6-93,260,27.4,,,,,4.06,,,,0,,,,0,0.58,0.29,0.25,,,,,,,,22.31,,,,,77.69
Tbilisi Precinct,94,6-94,262,32.75,,,,,2.24,,,,0,,,,0,0.53,0.34,0.21,,,,,,,,21.76,,,,,78.24
Tbilisi Precinct,95,6-95,306,26.84,,,,,2.55,,,,0,,,,0,0.54,0.43,0.31,,,,,,,,31.37,,,,,68.63
Tbilisi Precinct,96,6-96,423,33.25,,,,,2.53,,,,0,,,,0,0.83,0.5,0.47,,,,,,,,24.82,,,,,75.18
Tbilisi Precinct,97,6-97,400,31.77,,,,,4.99,,,,0,,,,0,0.81,0.46,0.49,,,,,,,,26.0,,,,,74.0
Tbilisi Precinct,98,6-98,498,35.22,,,,,2.73,,,,0,,,,0,1.12,0.53,0.46,,,,,,,,34.14,,,,,65.86
Tbilisi Precinct,99,6-99,449,31.69,,,,,3.65,,,,0,,,,0,0.88,0.52,0.55,,,,,,,,23.16,,,,,76.84
Tbilisi Precinct,100,6-100,458,30.74,,,,,3.38,,,,0,,,,0,0.92,0.52,0.54,,,,,,,,19.65,,,,,80.13
Tbilisi Precinct,101,6-101,396,26.42,,,,,2.22,,,,0,,,,0,0.84,0.44,0.41,,,,,,,,22.73,,,,,77.27
Tbilisi Precinct,102,6-102,314,33.05,,,,,3.68,,,,0,,,,0,0.7,0.33,0.33,,,,,,,,33.76,,,,,66.24
Tbilisi Precinct,103,6-103,278,28.05,,,,,2.8,,,,0,,,,0,0.49,0.29,0.46,,,,,,,,23.38,,,,,76.62
Tbilisi Precinct,104,6-104,281,33.1,,,,,3.77,,,,0,,,,0,0.58,0.31,0.33,,,,,,,,24.91,,,,,75.09
Tbilisi Precinct,105,6-105,298,27.57,,,,,3.25,,,,0,,,,0,0.48,0.38,0.43,,,,,,,,27.85,,,,,72.15
Tbilisi Precinct,106,6-106,322,28.88,,,,,5.01,,,,0,,,,0,0.61,0.43,0.36,,,,,,,,26.71,,,,,73.29
Tbilisi Precinct,107,6-107,418,35.48,,,,,4.78,,,,0,,,,0,0.68,0.67,0.43,,,,,,,,25.6,,,,,74.16
Tbilisi Precinct,108,6-108,384,37.07,,,,,4.0,,,,0,,,,0,0.79,0.43,0.45,,,,,,,,37.76,,,,,62.24
Tbilisi Precinct,109,6-109,305,33.78,,,,,3.48,,,,0,,,,0,0.56,0.33,0.45,,,,,,,,32.13,,,,,67.87
Tbilisi Precinct,110,6-110,312,34.9,,,,,5.45,,,,0,,,,0,0.57,0.48,0.28,,,,,,,,27.88,,,,,72.12
Tbilisi Precinct,111,6-111,379,27.68,,,,,1.56,,,,0,,,,0,0.76,0.44,0.39,,,,,,,,36.68,,,,,63.32
Tbilisi Precinct,112,6-112,405,28.91,,,,,1.7,,,,0,,,,0,0.73,0.52,0.46,,,,,,,,26.17,,,,,73.83
Tbilisi Precinct,113,6-113,383,27.67,,,,,3.53,,,,0,,,,0,0.81,0.41,0.43,,,,,,,,19.06,,,,,80.94
Tbilisi Precinct,117,6-117,293,45.36,,,,,1.01,,,,0,,,,0,0.5,0.33,0.43,,,,,,,,16.38,,,,,83.62
Tbilisi Precinct,1,7-1,584,39.81,,,,,3.63,,,,0,,,,0,0.88,1.02,0.51,,,,,,,,24.66,,,,,75.34
Tbilisi Precinct,2,7-2,459,32.08,,,,,3.37,,,,0,,,,0,0.73,0.69,0.53,,,,,,,,30.72,,,,,69.28
Tbilisi Precinct,3,7-3,472,35.41,,,,,2.88,,,,0,,,,0,0.78,0.71,0.47,,,,,,,,24.79,,,,,75.21
Tbilisi Precinct,4,7-4,517,35.61,,,,,3.36,,,,0,,,,0,1.11,0.63,0.44,,,,,,,,31.91,,,,,68.09
Tbilisi Precinct,5,7-5,312,23.04,,,,,2.5,,,,0,,,,0,0.56,0.37,0.42,,,,,,,,31.09,,,,,68.91
Tbilisi Precinct,6,7-6,492,35.22,,,,,2.57,,,,0,,,,0,0.96,0.59,0.54,,,,,,,,21.95,,,,,78.05
Tbilisi Precinct,7,7-7,519,35.38,,,,,3.17,,,,0,,,,0,0.88,0.75,0.56,,,,,,,,31.98,,,,,68.02
Tbilisi Precinct,8,7-8,456,32.88,,,,,5.2,,,,0,,,,0,0.77,0.67,0.53,,,,,,,,28.95,,,,,71.05
Tbilisi Precinct,9,7-9,558,37.35,,,,,3.13,,,,0,,,,0,0.91,0.75,0.74,,,,,,,,27.96,,,,,72.04
Tbilisi Precinct,10,7-10,566,39.12,,,,,3.58,,,,0,,,,0,1.08,0.7,0.67,,,,,,,,21.2,,,,,78.8
Tbilisi Precinct,11,7-11,482,35.11,,,,,3.21,,,,0,,,,0,0.89,0.62,0.56,,,,,,,,21.37,,,,,78.63
Tbilisi Precinct,12,7-12,435,32.29,,,,,4.61,,,,0,,,,0,0.98,0.5,0.39,,,,,,,,27.59,,,,,72.41
Tbilisi Precinct,13,7-13,471,35.74,,,,,3.48,,,,0,,,,0,0.89,0.63,0.48,,,,,,,,26.75,,,,,73.25
Tbilisi Precinct,14,7-14,558,38.89,,,,,3.63,,,,0,,,,0,0.91,0.87,0.56,,,,,,,,33.15,,,,,66.85
Tbilisi Precinct,15,7-15,448,36.16,,,,,2.4,,,,0,,,,0,0.88,0.56,0.46,,,,,,,,24.55,,,,,75.45
Tbilisi Precinct,16,7-16,521,38.76,,,,,4.75,,,,0,,,,0,1.07,0.57,0.66,,,,,,,,28.6,,,,,71.4
Tbilisi Precinct,17,7-17,532,38.38,,,,,3.62,,,,0,,,,0,1.1,0.6,0.6,,,,,,,,31.2,,,,,68.8
Tbilisi Precinct,18,7-18,561,43.97,,,,,2.94,,,,0,,,,0,1.04,0.75,0.58,,,,,,,,42.07,,,,,57.93
Tbilisi Precinct,19,7-19,487,33.7,,,,,4.13,,,,0,,,,0,0.86,0.72,0.47,,,,,,,,24.23,,,,,75.77
Tbilisi Precinct,20,7-20,394,27.02,,,,,3.9,,,,0,,,,0,0.9,0.43,0.37,,,,,,,,22.34,,,,,77.67
Tbilisi Precinct,21,7-21,421,34.45,,,,,5.18,,,,0,,,,0,0.69,0.58,0.58,,,,,,,,25.42,,,,,74.58
Tbilisi Precinct,22,7-22,503,35.2,,,,,2.71,,,,0,,,,0,0.98,0.65,0.48,,,,,,,,27.24,,,,,72.76
Tbilisi Precinct,23,7-23,388,33.59,,,,,2.76,,,,0,,,,0,0.85,0.4,0.41,,,,,,,,26.55,,,,,73.45
Tbilisi Precinct,24,7-24,387,32.06,,,,,2.03,,,,0,,,,0,0.65,0.58,0.36,,,,,,,,35.66,,,,,64.34
Tbilisi Precinct,25,7-25,395,34.59,,,,,2.23,,,,0,,,,0,0.75,0.52,0.37,,,,,,,,25.57,,,,,74.43
Tbilisi Precinct,26,7-26,452,33.93,,,,,5.04,,,,0,,,,0,0.86,0.54,0.59,,,,,,,,34.73,,,,,65.27
Tbilisi Precinct,27,7-27,373,28.41,,,,,4.85,,,,0,,,,0,0.75,0.51,0.32,,,,,,,,27.08,,,,,72.92
Tbilisi Precinct,28,7-28,528,37.0,,,,,2.58,,,,0,,,,0,1.03,0.63,0.59,,,,,,,,25.38,,,,,74.62
Tbilisi Precinct,29,7-29,388,35.21,,,,,3.96,,,,0,,,,0,0.93,0.45,0.27,,,,,,,,18.04,,,,,81.96
Tbilisi Precinct,30,7-30,309,28.61,,,,,5.5,,,,0,,,,0,0.64,0.36,0.36,,,,,,,,29.77,,,,,70.23
Tbilisi Precinct,31,7-31,386,32.96,,,,,5.85,,,,0,,,,0,0.69,0.48,0.57,,,,,,,,31.35,,,,,68.65
Tbilisi Precinct,32,7-32,667,48.3,,,,,2.06,,,,0,,,,0,1.25,0.77,0.83,,,,,,,,36.58,,,,,63.42
Tbilisi Precinct,33,7-33,436,30.51,,,,,3.96,,,,0,,,,0,1.0,0.37,0.58,,,,,,,,20.18,,,,,79.82
Tbilisi Precinct,34,7-34,421,29.59,,,,,4.97,,,,0,,,,0,0.76,0.55,0.53,,,,,,,,26.6,,,,,73.63
Tbilisi Precinct,35,7-35,455,35.16,,,,,5.21,,,,0,,,,0,0.69,0.68,0.62,,,,,,,,32.31,,,,,67.69
Tbilisi Precinct,36,7-36,449,34.38,,,,,2.18,,,,0,,,,0,0.8,0.6,0.49,,,,,,,,22.27,,,,,77.73
Tbilisi Precinct,37,7-37,487,36.24,,,,,3.37,,,,0,,,,0,0.96,0.64,0.46,,,,,,,,25.26,,,,,74.74
Tbilisi Precinct,38,7-38,444,30.88,,,,,2.42,,,,0,,,,0,0.96,0.5,0.42,,,,,,,,28.15,,,,,71.85
Tbilisi Precinct,39,7-39,382,40.99,,,,,3.29,,,,0,,,,0,0.82,0.51,0.24,,,,,,,,17.54,,,,,82.46
Tbilisi Precinct,40,7-40,505,36.15,,,,,2.32,,,,0,,,,0,0.96,0.6,0.59,,,,,,,,19.8,,,,,80.2
Tbilisi Precinct,41,7-41,309,37.05,,,,,4.92,,,,0,,,,0,0.61,0.4,0.32,,,,,,,,25.24,,,,,74.76
Tbilisi Precinct,42,7-42,535,37.52,,,,,4.29,,,,0,,,,0,0.95,0.67,0.72,,,,,,,,32.15,,,,,67.66
Tbilisi Precinct,43,7-43,192,34.97,,,,,4.48,,,,0,,,,0,0.34,0.26,0.22,,,,,,,,27.6,,,,,72.4
Tbilisi Precinct,1,8-1,551,36.73,,,,,3.84,,,,0,,,,0,0.93,0.8,0.61,,,,,,,,32.12,,,,,67.88
Tbilisi Precinct,2,8-2,365,43.92,,,,,3.95,,,,0,,,,0,0.63,0.54,0.37,,,,,,,,20.0,,,,,80.0
Tbilisi Precinct,3,8-3,484,39.45,,,,,4.72,,,,0,,,,0,0.92,0.65,0.52,,,,,,,,28.72,,,,,71.28
Tbilisi Precinct,4,8-4,427,35.26,,,,,3.83,,,,0,,,,0,0.74,0.61,0.47,,,,,,,,25.53,,,,,74.47
Tbilisi Precinct,5,8-5,454,33.86,,,,,4.22,,,,0,,,,0,0.79,0.7,0.41,,,,,,,,27.97,,,,,72.03
Tbilisi Precinct,6,8-6,258,31.31,,,,,1.53,,,,0,,,,0,0.6,0.23,0.27,,,,,,,,30.23,,,,,69.77
Tbilisi Precinct,7,8-7,430,35.6,,,,,4.66,,,,0,,,,0,0.9,0.0,1.31,,,,,,,,30.0,,,,,70.0
Tbilisi Precinct,8,8-8,487,33.38,,,,,5.07,,,,0,,,,0,0.83,0.72,0.53,,,,,,,,25.67,,,,,74.33
Tbilisi Precinct,9,8-9,547,41.85,,,,,3.53,,,,0,,,,0,0.99,0.65,0.74,,,,,,,,22.12,,,,,77.33
Tbilisi Precinct,10,8-10,483,34.18,,,,,2.42,,,,0,,,,0,0.83,0.67,0.53,,,,,,,,24.22,,,,,75.78
Tbilisi Precinct,11,8-11,478,39.02,,,,,4.4,,,,0,,,,0,0.87,0.66,0.53,,,,,,,,29.71,,,,,70.29
Tbilisi Precinct,12,8-12,465,38.53,,,,,2.72,,,,0,,,,0,0.91,0.61,0.42,,,,,,,,25.38,,,,,74.62
Tbilisi Precinct,13,8-13,384,30.33,,,,,2.29,,,,0,,,,0,0.65,0.53,0.43,,,,,,,,24.74,,,,,75.26
Tbilisi Precinct,14,8-14,381,34.42,,,,,4.51,,,,0,,,,0,0.85,0.49,0.28,,,,,,,,23.36,,,,,76.64
Tbilisi Precinct,15,8-15,438,34.46,,,,,4.37,,,,0,,,,0,0.75,0.58,0.57,,,,,,,,27.4,,,,,72.6
Tbilisi Precinct,16,8-16,460,37.67,,,,,4.37,,,,0,,,,0,0.79,0.61,0.61,,,,,,,,28.26,,,,,71.52
Tbilisi Precinct,17,8-17,388,33.86,,,,,2.76,,,,0,,,,0,0.71,0.53,0.39,,,,,,,,30.41,,,,,69.59
Tbilisi Precinct,18,8-18,423,34.33,,,,,4.08,,,,0,,,,0,0.68,0.64,0.48,,,,,,,,29.79,,,,,70.21
Tbilisi Precinct,19,8-19,469,43.39,,,,,2.09,,,,0,,,,0,0.8,0.68,0.46,,,,,,,,27.72,,,,,72.28
Tbilisi Precinct,20,8-20,374,39.2,,,,,4.59,,,,0,,,,0,0.65,0.58,0.34,,,,,,,,27.54,,,,,72.46
Tbilisi Precinct,21,8-21,413,40.49,,,,,3.05,,,,0,,,,0,0.75,0.59,0.38,,,,,,,,35.84,,,,,64.16
Tbilisi Precinct,22,8-22,517,43.81,,,,,4.26,,,,0,,,,0,1.0,0.71,0.48,,,,,,,,23.79,,,,,76.21
Tbilisi Precinct,23,8-23,435,41.59,,,,,3.97,,,,0,,,,0,0.9,0.53,0.42,,,,,,,,17.7,,,,,82.3
Tbilisi Precinct,24,8-24,470,32.48,,,,,2.89,,,,0,,,,0,0.87,0.64,0.46,,,,,,,,25.96,,,,,74.04
Tbilisi Precinct,25,8-25,424,28.75,,,,,1.85,,,,0,,,,0,0.68,0.65,0.41,,,,,,,,29.48,,,,,70.52
Tbilisi Precinct,26,8-26,476,33.19,,,,,3.45,,,,0,,,,0,0.86,0.64,0.53,,,,,,,,23.53,,,,,76.47
Tbilisi Precinct,27,8-27,458,30.8,,,,,3.38,,,,0,,,,0,0.86,0.65,0.41,,,,,,,,27.95,,,,,71.83
Tbilisi Precinct,28,8-28,544,38.58,,,,,1.98,,,,0,,,,0,1.02,0.65,0.64,,,,,,,,29.04,,,,,70.96
Tbilisi Precinct,29,8-29,548,37.77,,,,,2.66,,,,0,,,,0,1.0,0.77,0.52,,,,,,,,27.55,,,,,72.45
Tbilisi Precinct,30,8-30,523,39.56,,,,,2.79,,,,0,,,,0,1.0,0.67,0.54,,,,,,,,27.72,,,,,72.28
Tbilisi Precinct,31,8-31,426,39.44,,,,,2.52,,,,0,,,,0,0.74,0.67,0.33,,,,,,,,23.94,,,,,75.82
Tbilisi Precinct,32,8-32,427,35.76,,,,,3.61,,,,0,,,,0,0.68,0.68,0.43,,,,,,,,28.81,,,,,71.19
Tbilisi Precinct,33,8-33,394,33.65,,,,,4.14,,,,0,,,,0,0.64,0.52,0.57,,,,,,,,25.38,,,,,74.62
Tbilisi Precinct,34,8-34,451,37.87,,,,,4.45,,,,0,,,,0,0.87,0.57,0.51,,,,,,,,23.28,,,,,76.72
Tbilisi Precinct,35,8-35,406,34.97,,,,,5.14,,,,0,,,,0,0.7,0.63,0.39,,,,,,,,25.12,,,,,74.88
Tbilisi Precinct,36,8-36,514,43.45,,,,,3.56,,,,0,,,,0,0.96,0.68,0.54,,,,,,,,22.18,,,,,77.82
Tbilisi Precinct,37,8-37,509,36.38,,,,,3.96,,,,0,,,,0,0.95,0.64,0.6,,,,,,,,22.4,,,,,77.6
Tbilisi Precinct,38,8-38,306,39.59,,,,,5.26,,,,0,,,,0,0.68,0.38,0.26,,,,,,,,23.53,,,,,76.47
Tbilisi Precinct,39,8-39,491,40.85,,,,,4.47,,,,0,,,,0,1.02,0.62,0.46,,,,,,,,24.44,,,,,75.56
Tbilisi Precinct,40,8-40,442,37.81,,,,,3.07,,,,0,,,,0,0.77,0.62,0.48,,,,,,,,31.9,,,,,68.1
Tbilisi Precinct,41,8-41,436,35.88,,,,,1.36,,,,0,,,,0,0.79,0.58,0.44,,,,,,,,25.69,,,,,74.31
Tbilisi Precinct,42,8-42,537,41.56,,,,,3.07,,,,0,,,,0,0.96,0.73,0.57,,,,,,,,25.51,,,,,74.49
Tbilisi Precinct,43,8-43,544,41.65,,,,,4.06,,,,0,,,,0,0.8,0.89,0.59,,,,,,,,24.45,,,,,75.55
Tbilisi Precinct,44,8-44,439,41.57,,,,,4.57,,,,0,,,,0,0.63,0.69,0.56,,,,,,,,24.37,,,,,75.63
Tbilisi Precinct,45,8-45,290,38.62,,,,,3.01,,,,0,,,,0,0.48,0.43,0.31,,,,,,,,26.21,,,,,73.79
Tbilisi Precinct,46,8-46,455,39.09,,,,,1.3,,,,0,,,,0,0.84,0.55,0.53,,,,,,,,21.54,,,,,78.24
Tbilisi Precinct,47,8-47,447,40.45,,,,,3.25,,,,0,,,,0,0.92,0.49,0.53,,,,,,,,23.94,,,,,75.39
Tbilisi Precinct,48,8-48,435,40.43,,,,,2.68,,,,0,,,,0,0.68,0.58,0.62,,,,,,,,28.28,,,,,71.49
Tbilisi Precinct,49,8-49,547,42.73,,,,,4.7,,,,0,,,,0,1.08,0.67,0.63,,,,,,,,22.12,,,,,77.88
Tbilisi Precinct,50,8-50,454,37.68,,,,,4.22,,,,0,,,,0,0.9,0.67,0.32,,,,,,,,22.47,,,,,77.53
Tbilisi Precinct,51,8-51,413,36.58,,,,,5.06,,,,0,,,,0,0.69,0.53,0.61,,,,,,,,23.73,,,,,76.27
Tbilisi Precinct,52,8-52,496,41.06,,,,,4.25,,,,0,,,,0,0.9,0.7,0.51,,,,,,,,19.35,,,,,80.65
Tbilisi Precinct,53,8-53,446,33.74,,,,,4.7,,,,0,,,,0,0.84,0.63,0.43,,,,,,,,25.78,,,,,74.22
Tbilisi Precinct,54,8-54,500,35.41,,,,,1.19,,,,0,,,,0,0.83,0.55,0.78,,,,,,,,22.0,,,,,77.8
Tbilisi Precinct,1,9-1,384,29.4,,,,,1.03,,,,0,,,,0,0.76,0.46,0.37,,,,,,,,25.26,,,,,74.74
Tbilisi Precinct,2,9-2,345,27.27,,,,,1.99,,,,0,,,,0,0.69,0.34,0.48,,,,,,,,23.77,,,,,76.23
Tbilisi Precinct,3,9-3,468,31.82,,,,,5.26,,,,0,,,,0,0.86,0.63,0.55,,,,,,,,18.38,,,,,81.62
Tbilisi Precinct,4,9-4,592,38.57,,,,,2.15,,,,0,,,,0,1.02,0.82,0.62,,,,,,,,18.58,,,,,80.91
Tbilisi Precinct,5,9-5,508,40.64,,,,,3.42,,,,0,,,,0,0.94,0.58,0.7,,,,,,,,21.46,,,,,78.35
Tbilisi Precinct,6,9-6,469,35.0,,,,,3.1,,,,0,,,,0,0.91,0.55,0.56,,,,,,,,22.81,,,,,77.19
Tbilisi Precinct,7,9-7,387,27.31,,,,,1.78,,,,0,,,,0,0.64,0.52,0.47,,,,,,,,20.67,,,,,79.33
Tbilisi Precinct,8,9-8,407,30.74,,,,,2.4,,,,0,,,,0,0.75,0.51,0.46,,,,,,,,21.13,,,,,78.87
Tbilisi Precinct,9,9-9,374,33.19,,,,,2.86,,,,0,,,,0,0.84,0.41,0.33,,,,,,,,26.2,,,,,73.53
Tbilisi Precinct,10,9-10,442,38.33,,,,,1.78,,,,0,,,,0,0.94,0.44,0.51,,,,,,,,15.84,,,,,84.16
Tbilisi Precinct,11,9-11,493,32.65,,,,,3.14,,,,0,,,,0,0.88,0.71,0.47,,,,,,,,23.12,,,,,76.88
Tbilisi Precinct,12,9-12,422,31.35,,,,,2.54,,,,0,,,,0,0.77,0.41,0.69,,,,,,,,18.25,,,,,81.28
Tbilisi Precinct,13,9-13,470,32.28,,,,,3.09,,,,0,,,,0,0.93,0.52,0.58,,,,,,,,26.6,,,,,73.4
Tbilisi Precinct,14,9-14,583,39.55,,,,,2.51,,,,0,,,,0,1.04,0.7,0.77,,,,,,,,38.42,,,,,61.58
Tbilisi Precinct,15,9-15,483,33.75,,,,,6.76,,,,0,,,,0,0.93,0.59,0.66,,,,,,,,33.13,,,,,66.87
Tbilisi Precinct,16,9-16,410,32.31,,,,,3.07,,,,0,,,,0,0.79,0.49,0.48,,,,,,,,28.29,,,,,71.71
Tbilisi Precinct,17,9-17,437,33.21,,,,,3.74,,,,0,,,,0,0.8,0.62,0.41,,,,,,,,22.88,,,,,77.12
Tbilisi Precinct,18,9-18,490,35.15,,,,,5.04,,,,0,,,,0,0.99,0.63,0.49,,,,,,,,23.67,,,,,76.33
Tbilisi Precinct,19,9-19,539,40.13,,,,,3.58,,,,0,,,,0,0.88,0.85,0.53,,,,,,,,25.6,,,,,74.4
Tbilisi Precinct,20,9-20,558,38.27,,,,,4.12,,,,0,,,,0,1.12,0.65,0.67,,,,,,,,21.51,,,,,78.49
Tbilisi Precinct,21,9-21,508,44.21,,,,,3.42,,,,0,,,,0,0.94,0.74,0.43,,,,,,,,30.32,,,,,69.69
Tbilisi Precinct,22,9-22,464,32.86,,,,,4.72,,,,0,,,,0,0.85,0.54,0.67,,,,,,,,24.78,,,,,75.22
Tbilisi Precinct,23,9-23,489,31.86,,,,,2.2,,,,0,,,,0,0.83,0.69,0.52,,,,,,,,22.49,,,,,77.51
Tbilisi Precinct,24,9-24,461,33.07,,,,,3.15,,,,0,,,,0,0.8,0.63,0.53,,,,,,,,25.6,,,,,74.4
Tbilisi Precinct,25,9-25,476,31.11,,,,,6.3,,,,0,,,,0,0.73,0.79,0.53,,,,,,,,27.1,,,,,72.9
Tbilisi Precinct,26,9-26,471,31.51,,,,,3.48,,,,0,,,,0,1.12,0.5,0.39,,,,,,,,19.11,,,,,80.89
Tbilisi Precinct,27,9-27,488,32.49,,,,,3.37,,,,0,,,,0,0.88,0.57,0.69,,,,,,,,23.98,,,,,75.82
Tbilisi Precinct,28,9-28,325,24.7,,,,,1.81,,,,0,,,,0,0.75,0.35,0.25,,,,,,,,18.77,,,,,81.23
Tbilisi Precinct,29,9-29,466,34.93,,,,,1.89,,,,0,,,,0,1.05,0.48,0.45,,,,,,,,19.1,,,,,80.69
Tbilisi Precinct,30,9-30,359,28.61,,,,,2.97,,,,0,,,,0,0.75,0.45,0.31,,,,,,,,27.86,,,,,72.14
Tbilisi Precinct,31,9-31,405,26.33,,,,,2.88,,,,0,,,,0,0.84,0.47,0.41,,,,,,,,35.06,,,,,64.94
Tbilisi Precinct,32,9-32,400,27.47,,,,,4.76,,,,0,,,,0,0.91,0.4,0.44,,,,,,,,21.5,,,,,78.5
Tbilisi Precinct,33,9-33,539,34.8,,,,,4.09,,,,0,,,,0,1.19,0.58,0.57,,,,,,,,24.49,,,,,75.51
Tbilisi Precinct,34,9-34,522,35.22,,,,,3.51,,,,0,,,,0,1.02,0.67,0.53,,,,,,,,22.61,,,,,77.39
Tbilisi Precinct,35,9-35,416,32.99,,,,,4.37,,,,0,,,,0,0.9,0.46,0.44,,,,,,,,17.55,,,,,82.45
Tbilisi Precinct,36,9-36,475,32.56,,,,,5.38,,,,0,,,,0,0.91,0.61,0.57,,,,,,,,18.32,,,,,81.68
Tbilisi Precinct,37,9-37,508,31.71,,,,,2.31,,,,0,,,,0,0.95,0.72,0.42,,,,,,,,25.79,,,,,74.21
Tbilisi Precinct,38,9-38,466,32.03,,,,,2.31,,,,0,,,,0,0.88,0.56,0.54,,,,,,,,18.03,,,,,81.97
Tbilisi Precinct,39,9-39,493,33.0,,,,,3.14,,,,0,,,,0,0.96,0.57,0.59,,,,,,,,17.44,,,,,82.56
Tbilisi Precinct,40,9-40,409,27.84,,,,,5.54,,,,0,,,,0,0.83,0.5,0.47,,,,,,,,25.92,,,,,74.08
Tbilisi Precinct,41,9-41,494,36.95,,,,,3.14,,,,0,,,,0,0.95,0.59,0.59,,,,,,,,17.61,,,,,82.39
Tbilisi Precinct,42,9-42,479,32.97,,,,,3.43,,,,0,,,,0,0.83,0.63,0.59,,,,,,,,29.23,,,,,70.56
Tbilisi Precinct,43,9-43,431,30.94,,,,,3.36,,,,0,,,,0,0.72,0.63,0.47,,,,,,,,23.67,,,,,76.33
Tbilisi Precinct,44,9-44,475,30.72,,,,,1.86,,,,0,,,,0,0.94,0.45,0.68,,,,,,,,33.05,,,,,66.95
Tbilisi Precinct,45,9-45,518,36.53,,,,,2.81,,,,0,,,,0,1.03,0.69,0.43,,,,,,,,24.71,,,,,75.29
Tbilisi Precinct,46,9-46,479,35.56,,,,,3.43,,,,0,,,,0,0.86,0.68,0.47,,,,,,,,33.19,,,,,66.81
Tbilisi Precinct,47,9-47,448,34.33,,,,,3.45,,,,0,,,,0,0.7,0.6,0.64,,,,,,,,30.8,,,,,69.2
Tbilisi Precinct,48,9-48,441,33.06,,,,,2.65,,,,0,,,,0,0.4,0.85,0.57,,,,,,,,19.27,,,,,80.73
Tbilisi Precinct,49,9-49,428,34.71,,,,,4.04,,,,0,,,,0,0.7,0.62,0.5,,,,,,,,23.36,,,,,76.64
Tbilisi Precinct,50,9-50,457,33.19,,,,,2.56,,,,0,,,,0,0.74,0.68,0.49,,,,,,,,27.13,,,,,72.87
Tbilisi Precinct,51,9-51,469,34.41,,,,,2.9,,,,0,,,,0,0.84,0.63,0.51,,,,,,,,29.0,,,,,71.0
Tbilisi Precinct,52,9-52,457,31.13,,,,,2.56,,,,0,,,,0,0.88,0.59,0.44,,,,,,,,28.01,,,,,71.99
Tbilisi Precinct,53,9-53,410,32.49,,,,,3.98,,,,0,,,,0,0.78,0.48,0.53,,,,,,,,21.22,,,,,78.78
Tbilisi Precinct,54,9-54,417,37.07,,,,,2.11,,,,0,,,,0,0.73,0.59,0.42,,,,,,,,31.89,,,,,68.11
Tbilisi Precinct,55,9-55,539,37.02,,,,,4.09,,,,0,,,,0,1.04,0.57,0.79,,,,,,,,25.42,,,,,74.58
Tbilisi Precinct,56,9-56,545,40.49,,,,,3.88,,,,0,,,,0,1.12,0.59,0.67,,,,,,,,26.61,,,,,73.21
Tbilisi Precinct,57,9-57,424,28.61,,,,,3.2,,,,0,,,,0,0.76,0.47,0.64,,,,,,,,29.95,,,,,70.05
Tbilisi Precinct,58,9-58,507,38.44,,,,,3.24,,,,0,,,,0,0.98,0.51,0.76,,,,,,,,20.91,,,,,79.09
Tbilisi Precinct,59,9-59,426,29.92,,,,,2.52,,,,0,,,,0,0.78,0.51,0.54,,,,,,,,23.71,,,,,76.06
Tbilisi Precinct,60,9-60,505,34.35,,,,,4.36,,,,0,,,,0,1.0,0.6,0.6,,,,,,,,22.18,,,,,77.82
Tbilisi Precinct,61,9-61,429,29.12,,,,,2.94,,,,0,,,,0,0.76,0.54,0.54,,,,,,,,23.78,,,,,76.22
Tbilisi Precinct,62,9-62,466,33.03,,,,,2.51,,,,0,,,,0,0.95,0.5,0.54,,,,,,,,23.82,,,,,76.18
Tbilisi Precinct,63,9-63,394,29.8,,,,,2.23,,,,0,,,,0,0.64,0.5,0.56,,,,,,,,19.54,,,,,80.46
Tbilisi Precinct,64,9-64,417,37.64,,,,,2.57,,,,0,,,,0,0.85,0.53,0.37,,,,,,,,22.3,,,,,77.7
Tbilisi Precinct,65,9-65,441,37.98,,,,,3.29,,,,0,,,,0,0.97,0.44,0.51,,,,,,,,29.93,,,,,70.07
Tbilisi Precinct,66,9-66,437,32.88,,,,,6.22,,,,0,,,,0,0.83,0.62,0.46,,,,,,,,23.57,,,,,76.2
Tbilisi Precinct,67,9-67,414,35.17,,,,,2.59,,,,0,,,,0,0.71,0.62,0.39,,,,,,,,28.02,,,,,71.98
Tbilisi Precinct,68,9-68,417,29.81,,,,,2.57,,,,0,,,,0,0.9,0.44,0.44,,,,,,,,20.14,,,,,79.86
Tbilisi Precinct,69,9-69,386,33.65,,,,,2.77,,,,0,,,,0,0.73,0.53,0.34,,,,,,,,23.32,,,,,76.68
Tbilisi Precinct,70,9-70,386,30.25,,,,,4.22,,,,0,,,,0,0.65,0.56,0.43,,,,,,,,26.42,,,,,73.58
Tbilisi Precinct,71,9-71,386,29.95,,,,,4.22,,,,0,,,,0,0.66,0.59,0.38,,,,,,,,30.31,,,,,69.69
Tbilisi Precinct,72,9-72,435,30.92,,,,,4.4,,,,0,,,,0,0.78,0.57,0.54,,,,,,,,20.69,,,,,79.31
Tbilisi Precinct,73,9-73,415,27.56,,,,,2.58,,,,0,,,,0,0.83,0.47,0.48,,,,,,,,23.13,,,,,76.87
Tbilisi Precinct,74,9-74,448,34.49,,,,,2.4,,,,0,,,,0,0.77,0.47,0.74,,,,,,,,27.23,,,,,72.77
Tbilisi Precinct,75,9-75,418,33.02,,,,,3.91,,,,0,,,,0,0.83,0.59,0.32,,,,,,,,28.23,,,,,71.53
Tbilisi Precinct,76,9-76,445,34.6,,,,,4.51,,,,0,,,,0,0.82,0.56,0.57,,,,,,,,27.87,,,,,72.13
Tbilisi Precinct,77,9-77,473,38.08,,,,,2.67,,,,0,,,,0,0.83,0.67,0.48,,,,,,,,39.96,,,,,60.04
Tbilisi Precinct,78,9-78,424,34.93,,,,,3.42,,,,0,,,,0,0.95,0.48,0.38,,,,,,,,31.6,,,,,68.16
Tbilisi Precinct,79,9-79,416,31.76,,,,,2.58,,,,0,,,,0,0.67,0.5,0.64,,,,,,,,30.77,,,,,69.23
Tbilisi Precinct,80,9-80,331,30.48,,,,,3.5,,,,0,,,,0,0.73,0.38,0.29,,,,,,,,23.57,,,,,76.44
Tbilisi Precinct,81,9-81,371,32.32,,,,,1.59,,,,0,,,,0,0.68,0.42,0.48,,,,,,,,31.0,,,,,69.0
Tbilisi Precinct,82,9-82,454,30.84,,,,,2.37,,,,0,,,,0,0.88,0.56,0.49,,,,,,,,30.4,,,,,69.6
Tbilisi Precinct,83,9-83,471,37.26,,,,,1.67,,,,0,,,,0,0.8,0.63,0.53,,,,,,,,27.39,,,,,72.61
Tbilisi Precinct,84,9-84,357,29.6,,,,,2.46,,,,0,,,,0,0.65,0.4,0.51,,,,,,,,30.25,,,,,69.75
Tbilisi Precinct,85,9-85,386,32.66,,,,,2.77,,,,0,,,,0,0.83,0.45,0.34,,,,,,,,29.53,,,,,70.47
Tbilisi Precinct,86,9-86,403,34.89,,,,,1.71,,,,0,,,,0,0.9,0.41,0.39,,,,,,,,22.08,,,,,77.92
Tbilisi Precinct,87,9-87,361,29.69,,,,,3.22,,,,0,,,,0,0.64,0.49,0.41,,,,,,,,32.96,,,,,67.04
Tbilisi Precinct,88,9-88,344,30.23,,,,,2.55,,,,0,,,,0,0.67,0.46,0.3,,,,,,,,25.0,,,,,75.0
Tbilisi Precinct,89,9-89,429,33.7,,,,,4.03,,,,0,,,,0,0.68,0.63,0.53,,,,,,,,31.47,,,,,68.53
Tbilisi Precinct,90,9-90,420,32.89,,,,,2.55,,,,0,,,,0,0.85,0.48,0.45,,,,,,,,24.29,,,,,75.71
Tbilisi Precinct,91,9-91,358,29.27,,,,,2.45,,,,0,,,,0,0.79,0.46,0.22,,,,,,,,24.02,,,,,75.98
Tbilisi Precinct,92,9-92,372,29.11,,,,,4.37,,,,0,,,,0,0.85,0.44,0.28,,,,,,,,24.73,,,,,75.27
Tbilisi Precinct,93,9-93,452,32.61,,,,,1.95,,,,0,,,,0,0.96,0.52,0.42,,,,,,,,23.23,,,,,76.77
Tbilisi Precinct,94,9-94,128,31.6,,,,,0.78,,,,0,,,,0,0.23,0.14,0.18,,,,,,,,28.91,,,,,71.09
Tbilisi Precinct,95,9-95,147,32.52,,,,,2.0,,,,0,,,,0,0.31,0.18,0.11,,,,,,,,13.61,,,,,86.39
Tbilisi Precinct,96,9-96,,,,,,,,,,,0,,,,0,,,,,,,,,,,,,,,,
Tbilisi Precinct,1,10-1,580,36.39,,,,,2.52,,,,0,,,,0,1.18,0.56,0.79,,,,,,,,19.31,,,,,80.69
Tbilisi Precinct,2,10-2,510,32.84,,,,,4.49,,,,0,,,,0,1.12,0.46,0.72,,,,,,,,23.92,,,,,76.08
Tbilisi Precinct,3,10-3,408,29.39,,,,,2.63,,,,0,,,,0,0.77,0.49,0.48,,,,,,,,35.78,,,,,64.22
Tbilisi Precinct,4,10-4,400,27.57,,,,,1.48,,,,0,,,,0,0.7,0.45,0.58,,,,,,,,21.25,,,,,78.75
Tbilisi Precinct,5,10-5,569,36.47,,,,,3.23,,,,0,,,,0,1.05,0.71,0.68,,,,,,,,22.67,,,,,77.33
Tbilisi Precinct,6,10-6,386,29.92,,,,,3.02,,,,0,,,,0,0.88,0.4,0.38,,,,,,,,30.05,,,,,69.95
Tbilisi Precinct,7,10-7,391,29.47,,,,,4.17,,,,0,,,,0,0.85,0.42,0.44,,,,,,,,33.76,,,,,66.24
Tbilisi Precinct,8,10-8,382,31.29,,,,,3.54,,,,0,,,,0,0.73,0.39,0.57,,,,,,,,38.48,,,,,61.52
Tbilisi Precinct,9,10-9,500,34.72,,,,,1.96,,,,0,,,,0,0.95,0.61,0.56,,,,,,,,41.2,,,,,58.8
Tbilisi Precinct,10,10-10,363,27.63,,,,,2.42,,,,0,,,,0,0.72,0.45,0.36,,,,,,,,25.9,,,,,74.1
Tbilisi Precinct,11,10-11,378,26.6,,,,,1.82,,,,0,,,,0,0.68,0.44,0.51,,,,,,,,34.13,,,,,65.87
Tbilisi Precinct,12,10-12,356,29.69,,,,,1.66,,,,0,,,,0,0.66,0.41,0.44,,,,,,,,19.94,,,,,80.06
Tbilisi Precinct,13,10-13,387,31.39,,,,,2.76,,,,0,,,,0,0.58,0.53,0.56,,,,,,,,22.48,,,,,77.52
Tbilisi Precinct,14,10-14,409,30.82,,,,,3.54,,,,0,,,,0,0.83,0.48,0.45,,,,,,,,26.41,,,,,73.59
Tbilisi Precinct,15,10-15,325,31.25,,,,,2.99,,,,0,,,,0,0.67,0.38,0.34,,,,,,,,24.31,,,,,75.69
Tbilisi Precinct,16,10-16,278,24.26,,,,,2.8,,,,0,,,,0,0.51,0.39,0.27,,,,,,,,35.97,,,,,64.03
Tbilisi Precinct,17,10-17,337,31.41,,,,,3.99,,,,0,,,,0,0.78,0.33,0.37,,,,,,,,35.31,,,,,64.69
Tbilisi Precinct,18,10-18,331,32.55,,,,,2.36,,,,0,,,,0,0.8,0.3,0.31,,,,,,,,30.21,,,,,69.79
Tbilisi Precinct,19,10-19,435,32.39,,,,,3.33,,,,0,,,,0,0.91,0.52,0.43,,,,,,,,20.46,,,,,79.54
Tbilisi Precinct,20,10-20,393,35.06,,,,,1.75,,,,0,,,,0,0.74,0.44,0.51,,,,,,,,19.59,,,,,80.41
Tbilisi Precinct,21,10-21,342,27.34,,,,,5.26,,,,0,,,,0,0.61,0.38,0.56,,,,,,,,30.99,,,,,69.01
Tbilisi Precinct,22,10-22,379,32.53,,,,,3.81,,,,0,,,,0,0.85,0.37,0.43,,,,,,,,27.18,,,,,72.82
Tbilisi Precinct,23,10-23,382,30.63,,,,,2.3,,,,0,,,,0,0.82,0.46,0.32,,,,,,,,35.86,,,,,64.14
Tbilisi Precinct,24,10-24,393,30.85,,,,,2.96,,,,0,,,,0,0.75,0.51,0.4,,,,,,,,21.37,,,,,78.63
Tbilisi Precinct,25,10-25,358,28.66,,,,,3.24,,,,0,,,,0,0.7,0.44,0.39,,,,,,,,33.24,,,,,66.76
Tbilisi Precinct,26,10-26,253,25.63,,,,,4.89,,,,0,,,,0,0.49,0.31,0.32,,,,,,,,31.23,,,,,68.77
Tbilisi Precinct,27,10-27,293,31.57,,,,,2.98,,,,0,,,,0,0.58,0.4,0.24,,,,,,,,27.65,,,,,72.01
Tbilisi Precinct,28,10-28,416,28.22,,,,,3.48,,,,0,,,,0,1.01,0.43,0.33,,,,,,,,28.13,,,,,71.88
Tbilisi Precinct,29,10-29,408,32.43,,,,,4.23,,,,0,,,,0,0.72,0.56,0.48,,,,,,,,26.96,,,,,72.3
Tbilisi Precinct,30,10-30,346,28.13,,,,,3.35,,,,0,,,,0,0.57,0.48,0.42,,,,,,,,34.97,,,,,65.03
Tbilisi Precinct,31,10-31,419,31.08,,,,,3.01,,,,0,,,,0,0.83,0.5,0.46,,,,,,,,29.59,,,,,70.17
Tbilisi Precinct,32,10-32,314,25.06,,,,,3.09,,,,0,,,,0,0.59,0.39,0.36,,,,,,,,25.48,,,,,74.52
Tbilisi Precinct,33,10-33,393,31.44,,,,,2.24,,,,0,,,,0,0.68,0.51,0.47,,,,,,,,33.59,,,,,66.41
Tbilisi Precinct,34,10-34,392,27.51,,,,,2.24,,,,0,,,,0,0.75,0.4,0.56,,,,,,,,28.06,,,,,71.94
Tbilisi Precinct,35,10-35,283,25.56,,,,,3.08,,,,0,,,,0,0.45,0.34,0.47,,,,,,,,28.98,,,,,71.02
Tbilisi Precinct,36,10-36,270,26.04,,,,,2.53,,,,0,,,,0,0.51,0.32,0.33,,,,,,,,32.59,,,,,67.41
Tbilisi Precinct,37,10-37,391,31.61,,,,,2.74,,,,0,,,,0,0.79,0.49,0.37,,,,,,,,32.74,,,,,67.26
Tbilisi Precinct,38,10-38,338,29.68,,,,,1.74,,,,0,,,,0,0.49,0.44,0.52,,,,,,,,22.78,,,,,77.22
Tbilisi Precinct,39,10-39,534,34.88,,,,,3.09,,,,0,,,,0,1.0,0.72,0.53,,,,,,,,15.54,,,,,84.46
Tbilisi Precinct,40,10-40,402,28.51,,,,,1.95,,,,0,,,,0,0.83,0.37,0.57,,,,,,,,28.61,,,,,71.39
Tbilisi Precinct,41,10-41,414,38.26,,,,,0.96,,,,0,,,,0,0.78,0.48,0.48,,,,,,,,33.82,,,,,66.18
Tbilisi Precinct,42,10-42,388,34.55,,,,,2.02,,,,0,,,,0,0.72,0.5,0.41,,,,,,,,31.96,,,,,68.04
Tbilisi Precinct,43,10-43,322,28.2,,,,,3.3,,,,0,,,,0,0.63,0.36,0.41,,,,,,,,27.64,,,,,72.36
Tbilisi Precinct,44,10-44,346,32.95,,,,,1.7,,,,0,,,,0,0.68,0.41,0.36,,,,,,,,28.32,,,,,71.68
Tbilisi Precinct,45,10-45,331,27.58,,,,,4.06,,,,0,,,,0,0.63,0.42,0.38,,,,,,,,33.53,,,,,66.47
Tbilisi Precinct,46,10-46,319,26.69,,,,,4.49,,,,0,,,,0,0.66,0.4,0.3,,,,,,,,27.59,,,,,72.41
Tbilisi Precinct,47,10-47,346,29.2,,,,,2.54,,,,0,,,,0,0.73,0.43,0.28,,,,,,,,36.99,,,,,63.01
Tbilisi Precinct,48,10-48,363,28.07,,,,,2.94,,,,0,,,,0,0.75,0.41,0.39,,,,,,,,26.72,,,,,73.28
Tbilisi Precinct,49,10-49,369,28.41,,,,,3.4,,,,0,,,,0,0.63,0.49,0.47,,,,,,,,34.96,,,,,65.04
Tbilisi Precinct,50,10-50,430,33.99,,,,,4.02,,,,0,,,,0,0.82,0.46,0.63,,,,,,,,30.47,,,,,69.53
Tbilisi Precinct,51,10-51,367,33.98,,,,,1.87,,,,0,,,,0,0.79,0.38,0.39,,,,,,,,32.43,,,,,67.57
Tbilisi Precinct,52,10-52,347,31.52,,,,,2.53,,,,0,,,,0,0.63,0.39,0.49,,,,,,,,30.26,,,,,69.74
Tbilisi Precinct,53,10-53,490,32.6,,,,,2.2,,,,0,,,,0,1.09,0.52,0.46,,,,,,,,19.59,,,,,80.41
Tbilisi Precinct,54,10-54,584,41.36,,,,,2.34,,,,0,,,,0,1.38,0.65,0.39,,,,,,,,32.71,,,,,67.29
Tbilisi Precinct,55,10-55,354,28.83,,,,,5.6,,,,0,,,,0,0.75,0.43,0.36,,,,,,,,30.51,,,,,69.49
Tbilisi Precinct,56,10-56,361,29.42,,,,,1.9,,,,0,,,,0,0.73,0.35,0.48,,,,,,,,34.9,,,,,65.1
Tbilisi Precinct,57,10-57,338,30.12,,,,,2.31,,,,0,,,,0,0.65,0.44,0.33,,,,,,,,36.09,,,,,63.91
Tbilisi Precinct,58,10-58,486,37.88,,,,,5.45,,,,0,,,,0,1.07,0.65,0.36,,,,,,,,25.93,,,,,74.07
Tbilisi Precinct,59,10-59,364,31.41,,,,,0.82,,,,0,,,,0,0.68,0.43,0.42,,,,,,,,24.73,,,,,75.0
Tbilisi Precinct,60,10-60,361,29.04,,,,,5.5,,,,0,,,,0,0.72,0.42,0.46,,,,,,,,34.07,,,,,65.93
Tbilisi Precinct,61,10-61,373,29.49,,,,,2.36,,,,0,,,,0,0.75,0.39,0.48,,,,,,,,28.42,,,,,71.58
Tbilisi Precinct,62,10-62,399,33.53,,,,,2.21,,,,0,,,,0,0.84,0.41,0.47,,,,,,,,23.81,,,,,76.19
Tbilisi Precinct,63,10-63,364,31.6,,,,,2.67,,,,0,,,,0,0.76,0.4,0.4,,,,,,,,27.2,,,,,72.53
Tbilisi Precinct,64,10-64,375,32.41,,,,,1.57,,,,0,,,,0,0.69,0.52,0.34,,,,,,,,31.47,,,,,68.53
Tbilisi Precinct,65,10-65,377,33.51,,,,,2.84,,,,0,,,,0,0.8,0.4,0.42,,,,,,,,29.18,,,,,70.82
Tbilisi Precinct,66,10-66,387,33.05,,,,,3.25,,,,0,,,,0,0.68,0.52,0.44,,,,,,,,32.3,,,,,67.7
Tbilisi Precinct,67,10-67,468,37.14,,,,,3.51,,,,0,,,,0,0.94,0.58,0.47,,,,,,,,26.28,,,,,73.72
Tbilisi Precinct,68,10-68,337,30.5,,,,,1.75,,,,0,,,,0,0.73,0.37,0.32,,,,,,,,31.45,,,,,68.55
Tbilisi Precinct,69,10-69,397,32.43,,,,,3.17,,,,0,,,,0,0.74,0.53,0.4,,,,,,,,31.74,,,,,68.26
Tbilisi Precinct,70,10-70,351,34.11,,,,,2.5,,,,0,,,,0,0.6,0.47,0.42,,,,,,,,33.9,,,,,66.1
Tbilisi Precinct,71,10-71,360,30.46,,,,,4.0,,,,0,,,,0,0.0,0.0,2.08,,,,,,,,27.22,,,,,72.78
Tbilisi Precinct,72,10-72,367,25.86,,,,,5.41,,,,0,,,,0,0.7,0.42,0.53,,,,,,,,35.42,,,,,64.58
Tbilisi Precinct,73,10-73,375,29.02,,,,,1.83,,,,0,,,,0,0.75,0.38,0.48,,,,,,,,24.8,,,,,75.2
Tbilisi Precinct,74,10-74,414,34.67,,,,,2.13,,,,0,,,,0,0.78,0.52,0.44,,,,,,,,29.23,,,,,70.77
Tbilisi Precinct,75,10-75,414,37.33,,,,,2.59,,,,0,,,,0,0.86,0.46,0.44,,,,,,,,28.74,,,,,71.01
Tbilisi Precinct,76,10-76,395,36.37,,,,,2.71,,,,0,,,,0,0.68,0.53,0.47,,,,,,,,32.15,,,,,67.85
Tbilisi Precinct,77,10-77,339,35.09,,,,,4.78,,,,0,,,,0,0.78,0.39,0.28,,,,,,,,38.35,,,,,61.65
Tbilisi Precinct,78,10-78,299,36.55,,,,,4.47,,,,0,,,,0,0.57,0.37,0.36,,,,,,,,40.8,,,,,58.86
Tbilisi Precinct,79,10-79,328,27.42,,,,,3.81,,,,0,,,,0,0.54,0.38,0.54,,,,,,,,30.18,,,,,69.82
Tbilisi Precinct,80,10-80,328,28.67,,,,,3.81,,,,0,,,,0,0.73,0.4,0.26,,,,,,,,33.84,,,,,66.16
Tbilisi Precinct,81,10-81,345,28.03,,,,,3.63,,,,0,,,,0,0.65,0.41,0.45,,,,,,,,39.13,,,,,60.87
Tbilisi Precinct,82,10-82,309,25.6,,,,,4.33,,,,0,,,,0,0.59,0.42,0.31,,,,,,,,36.89,,,,,63.11
Tbilisi Precinct,83,10-83,257,19.75,,,,,3.02,,,,0,,,,0,0.54,0.32,0.22,,,,,,,,25.68,,,,,74.32
Tbilisi Precinct,84,10-84,391,32.8,,,,,4.17,,,,0,,,,0,0.79,0.41,0.54,,,,,,,,36.57,,,,,63.43
Tbilisi Precinct,85,10-85,371,31.31,,,,,3.39,,,,0,,,,0,0.69,0.45,0.46,,,,,,,,31.81,,,,,68.19
Tbilisi Precinct,86,10-86,414,33.04,,,,,3.72,,,,0,,,,0,0.82,0.49,0.48,,,,,,,,28.74,,,,,71.26
Tbilisi Precinct,87,10-87,434,34.39,,,,,3.13,,,,0,,,,0,0.81,0.57,0.46,,,,,,,,17.05,,,,,82.95
Tbilisi Precinct,88,10-88,465,33.45,,,,,3.33,,,,0,,,,0,0.96,0.53,0.51,,,,,,,,28.6,,,,,71.4
Tbilisi Precinct,89,10-89,352,28.21,,,,,2.76,,,,0,,,,0,0.69,0.42,0.38,,,,,,,,32.67,,,,,67.33
Tbilisi Precinct,90,10-90,334,31.72,,,,,2.62,,,,0,,,,0,0.64,0.4,0.38,,,,,,,,26.95,,,,,73.05
Tbilisi Precinct,91,10-91,411,33.2,,,,,5.08,,,,0,,,,0,0.74,0.58,0.45,,,,,,,,29.44,,,,,70.56
Tbilisi Precinct,92,10-92,332,28.06,,,,,5.68,,,,0,,,,0,0.65,0.43,0.37,,,,,,,,27.41,,,,,72.59
Tbilisi Precinct,93,10-93,348,29.9,,,,,1.14,,,,0,,,,0,0.64,0.44,0.37,,,,,,,,27.3,,,,,72.7
Tbilisi Precinct,94,10-94,358,31.54,,,,,4.53,,,,0,,,,0,0.73,0.4,0.44,,,,,,,,26.82,,,,,73.18
Tbilisi Precinct,95,10-95,369,29.57,,,,,3.4,,,,0,,,,0,0.68,0.47,0.43,,,,,,,,25.75,,,,,74.25
Tbilisi Precinct,96,10-96,412,39.85,,,,,4.63,,,,0,,,,0,0.81,0.53,0.44,,,,,,,,30.83,,,,,68.93
Tbilisi Precinct,97,10-97,393,25.75,,,,,2.0,,,,0,,,,0,0.7,0.46,0.52,,,,,,,,32.57,,,,,67.43
Tbilisi Precinct,98,10-98,327,28.04,,,,,2.68,,,,0,,,,0,0.65,0.43,0.28,,,,,,,,25.69,,,,,74.31
Tbilisi Precinct,99,10-99,409,36.91,,,,,3.99,,,,0,,,,0,0.88,0.48,0.39,,,,,,,,25.92,,,,,74.08
Tbilisi Precinct,100,10-100,411,31.57,,,,,3.52,,,,0,,,,0,0.88,0.44,0.46,,,,,,,,20.68,,,,,79.32
Tbilisi Precinct,101,10-101,370,31.44,,,,,2.12,,,,0,,,,0,0.71,0.44,0.42,,,,,,,,23.51,,,,,75.95
Tbilisi Precinct,102,10-102,339,26.95,,,,,3.42,,,,0,,,,0,0.65,0.36,0.49,,,,,,,,28.32,,,,,71.68
Tbilisi Precinct,103,10-103,308,28.13,,,,,1.6,,,,0,,,,0,0.6,0.33,0.39,,,,,,,,23.7,,,,,76.3
Tbilisi Precinct,104,10-104,323,31.76,,,,,3.87,,,,0,,,,0,0.62,0.33,0.5,,,,,,,,25.7,,,,,74.3
Tbilisi Precinct,105,10-105,394,33.68,,,,,3.43,,,,0,,,,0,0.8,0.44,0.47,,,,,,,,32.23,,,,,67.77
Tbilisi Precinct,106,10-106,429,26.0,,,,,3.81,,,,0,,,,0,0.85,0.6,0.34,,,,,,,,24.71,,,,,75.29
Tbilisi Precinct,107,10-107,273,34.56,,,,,0.73,,,,0,,,,0,0.55,0.25,0.38,,,,,,,,34.07,,,,,65.93
Tbilisi Precinct,108,10-108,302,26.8,,,,,5.63,,,,0,,,,0,0.76,0.27,0.32,,,,,,,,13.58,,,,,86.42
Tbilisi Precinct,109,10-109,310,42.29,,,,,2.52,,,,0,,,,0,0.64,0.35,0.33,,,,,,,,21.94,,,,,78.06
Tbilisi Precinct,110,10-110,,,,,,,,,,,0,,,,0,,,,,,,,,,,,,,,,
Tbilisi Precinct,111,10-111,,,,,,,,,,,0,,,,0,,,,,,,,,,,,,,,,
